,PID,Categories,L1,L2,L3,L4,L5,L6,L7,L8
ARG+POLYAMINE-SYN: superpathway of arginine and polyamine biosynthesis,ARG+POLYAMINE-SYN,Amino Acid Biosynthesis,Biosynthesis,Amine and Polyamine Biosynthesis,superpathway of arginine and polyamine biosynthesis,NA,NA,NA,NA,NA
GLYCOL-GLYOXDEG-PWY: superpathway of glycol metabolism and degradation,GLYCOL-GLYOXDEG-PWY,Alcohol Degradation,Degradation/Utilization/Assimilation,Alcohol Degradation,superpathway of glycol metabolism and degradation,NA,NA,NA,NA,NA
CENTFERM-PWY: pyruvate fermentation to butanoate,CENTFERM-PWY,Fermentation,Generation of Precursor Metabolites and Energy,Fermentation,Fermentation of Pyruvate,pyruvate fermentation to butanoate,NA,NA,NA,NA
POLYAMINSYN3-PWY: superpathway of polyamine biosynthesis II,POLYAMINSYN3-PWY,Amino Acid Biosynthesis,Biosynthesis,Amine and Polyamine Biosynthesis,superpathway of polyamine biosynthesis II,NA,NA,NA,NA,NA
"GOLPDLCAT-PWY: superpathway of glycerol degradation to 1,3-propanediol",GOLPDLCAT-PWY,Alcohol Degradation,Degradation/Utilization/Assimilation,Alcohol Degradation,Glycerol Degradation,"superpathway of glycerol degradation to 1,3-propanediol",NA,NA,NA,NA
POLYAMSYN-PWY: superpathway of polyamine biosynthesis I,POLYAMSYN-PWY,Amino Acid Biosynthesis,Biosynthesis,Amine and Polyamine Biosynthesis,superpathway of polyamine biosynthesis I,NA,NA,NA,NA,NA
"ARGORNPROST-PWY: arginine, ornithine and proline interconversion",ARGORNPROST-PWY,Others,Activation/Inactivation/Interconversion,Interconversions Superpathways,NA,NA,NA,NA,NA,NA
PWY-6562: norspermidine biosynthesis,PWY-6562,Amino Acid Biosynthesis,Biosynthesis,Amine and Polyamine Biosynthesis,norspermidine biosynthesis,NA,NA,NA,NA,NA
URSIN-PWY: ureide biosynthesis,URSIN-PWY,Amino Acid Biosynthesis,Biosynthesis,Amine and Polyamine Biosynthesis,ureide biosynthesis,NA,NA,NA,NA,NA
PWY66-389: phytol degradation,PWY66-389,Alcohol Degradation,Degradation/Utilization/Assimilation,Alcohol Degradation,phytol degradation,NA,NA,NA,NA,NA
"PWY-7013: L-1,2-propanediol degradation",PWY-7013,Alcohol Degradation,Degradation/Utilization/Assimilation,Alcohol Degradation,NA,NA,NA,NA,NA,NA
FERMENTATION-PWY: mixed acid fermentation,FERMENTATION-PWY,Fermentation,Generation of Precursor Metabolites and Energy,Fermentation,Fermentation of Pyruvate,Pyruvate Fermentation to Ethanol,mixed acid fermentation,NA,NA,NA
ARGININE-SYN4-PWY: L-ornithine de novo  biosynthesis,ARGININE-SYN4-PWY,Amino Acid Biosynthesis,Biosynthesis,Amino Acid Biosynthesis,Other Amino Acid Biosynthesis,L-Ornithine Biosynthesis,NA,NA,NA,NA
ASPASN-PWY: superpathway of L-aspartate and L-asparagine biosynthesis,ASPASN-PWY,Amino Acid Biosynthesis,Biosynthesis,Amino Acid Biosynthesis,superpathway of L-aspartate and L-asparagine biosynthesis,NA,NA,NA,NA,NA
CITRULBIO-PWY: L-citrulline biosynthesis,CITRULBIO-PWY,Amino Acid Biosynthesis,Biosynthesis,Amino Acid Biosynthesis,Other Amino Acid Biosynthesis,L-citrulline Biosynthesis,L-citrulline biosynthesis,NA,NA,NA
COMPLETE-ARO-PWY: superpathway of aromatic amino acid biosynthesis,COMPLETE-ARO-PWY,Amino Acid Biosynthesis,Biosynthesis,Amino Acid Biosynthesis,superpathway of aromatic amino acid biosynthesis,NA,NA,NA,NA,NA
DAPLYSINESYN-PWY: L-lysine biosynthesis I,DAPLYSINESYN-PWY,Amino Acid Biosynthesis,Biosynthesis,Amino Acid Biosynthesis,Proteinogenic Amino Acid Biosynthesis,L-lysine Biosynthesis,L-lysine biosynthesis I,NA,NA,NA
HISTSYN-PWY: L-histidine biosynthesis,HISTSYN-PWY,Amino Acid Biosynthesis,Biosynthesis,Amino Acid Biosynthesis,Proteinogenic Amino Acid Biosynthesis,L-histidine Biosynthesis,L-histidine biosynthesis,NA,NA,NA
HOMOSER-METSYN-PWY: L-methionine biosynthesis I,HOMOSER-METSYN-PWY,Amino Acid Biosynthesis,Biosynthesis,Amino Acid Biosynthesis,Proteinogenic Amino Acid Biosynthesis,L-methionine Biosynthesis,L-methionine De Novo Biosynthesis,L-methionine biosynthesis I,NA,NA
ILEUSYN-PWY: L-isoleucine biosynthesis I (from threonine),ILEUSYN-PWY,Amino Acid Biosynthesis,Biosynthesis,Amino Acid Biosynthesis,Proteinogenic Amino Acid Biosynthesis,L-isoleucine Biosynthesis,L-isoleucine biosynthesis I (from threonine),NA,NA,NA
METSYN-PWY: L-homoserine and L-methionine biosynthesis,METSYN-PWY,Amino Acid Biosynthesis,Biosynthesis,Amino Acid Biosynthesis,Proteinogenic Amino Acid Biosynthesis,L-methionine Biosynthesis,L-methionine De Novo Biosynthesis,NA,NA,NA
"P4-PWY: superpathway of L-lysine, L-threonine and L-methionine biosynthesis I",P4-PWY,Amino Acid Biosynthesis,Biosynthesis,Amino Acid Biosynthesis,"superpathway of L-lysine, L-threonine and L-methionine biosynthesis I",NA,NA,NA,NA,NA
PWY-7616: methanol oxidation to carbon dioxide,PWY-7616,Alcohol Degradation,Degradation/Utilization/Assimilation,Alcohol Degradation,methanol oxidation to carbon dioxide,NA,NA,NA,NA,NA
PWY0-1061: superpathway of L-alanine biosynthesis,PWY0-1061,Amino Acid Biosynthesis,Biosynthesis,Amino Acid Biosynthesis,Proteinogenic Amino Acid Biosynthesis,L-alanine Biosynthesis,superpathway of L-alanine biosynthesis,NA,NA,NA
PWY-2942: L-lysine biosynthesis III,PWY-2942,Amino Acid Biosynthesis,Biosynthesis,Amino Acid Biosynthesis,Proteinogenic Amino Acid Biosynthesis,L-lysine Biosynthesis,L-lysine biosynthesis III,NA,NA,NA
P108-PWY: pyruvate fermentation to propanoate I,P108-PWY,Fermentation,Generation of Precursor Metabolites and Energy,Fermentation,Fermentation of Pyruvate,Pyruvate Fermentation to Propanoate,pyruvate fermentation to propanoate I,NA,NA,NA
PWY-3001: superpathway of L-isoleucine biosynthesis I,PWY-3001,Amino Acid Biosynthesis,Biosynthesis,Amino Acid Biosynthesis,Proteinogenic Amino Acid Biosynthesis,L-isoleucine Biosynthesis,superpathway of L-isoleucine biosynthesis I,NA,NA,NA
GLUDEG-I-PWY: GABA shunt,GLUDEG-I-PWY,Amino Acid Degradation,Degradation/Utilization/Assimilation,Amine and Polyamine Degradation,4-Aminobutanoate Degradation,NA,NA,NA,NA,NA
ORNDEG-PWY: superpathway of ornithine degradation,ORNDEG-PWY,Amino Acid Degradation,Degradation/Utilization/Assimilation,Amine and Polyamine Degradation,superpathway of ornithine degradation,NA,NA,NA,NA,NA
GALACT-GLUCUROCAT-PWY: superpathway of hexuronide and hexuronate degradation,GALACT-GLUCUROCAT-PWY,Others,Superpathways,superpathway of hexuronide and hexuronate degradation,NA,NA,NA,NA,NA,NA
PWY-6071: superpathway of phenylethylamine degradation,PWY-6071,Amino Acid Degradation,Degradation/Utilization/Assimilation,Amine and Polyamine Degradation,superpathway of phenylethylamine degradation,NA,NA,NA,NA,NA
"ARGDEG-PWY: superpathway of L-arginine, putrescine, and 4-aminobutanoate degradation",ARGDEG-PWY,Amino Acid Degradation,Degradation/Utilization/Assimilation,Amino Acid Degradation,Proteinogenic Amino Acid Degradation,L-arginine Degradation,"superpathway of L-arginine, putrescine, and 4-aminobutanoate degradation",NA,NA,NA
GLUCARGALACTSUPER-PWY: superpathway of D-glucarate and D-galactarate degradation,GLUCARGALACTSUPER-PWY,Others,Superpathways,Superpathways,superpathway of D-glucarate and D-galactarate degradation,NA,NA,NA,NA,NA
PWY-4981: L-proline biosynthesis II (from arginine),PWY-4981,Amino Acid Biosynthesis,Biosynthesis,Amino Acid Biosynthesis,Proteinogenic Amino Acid Biosynthesis,L-proline Biosynthesis,L-proline biosynthesis II (from arginine),NA,NA,NA
AST-PWY: L-arginine degradation II (AST pathway),AST-PWY,Amino Acid Degradation,Degradation/Utilization/Assimilation,Amino Acid Degradation,Proteinogenic Amino Acid Degradation,L-arginine Degradation,L-arginine degradation II (AST pathway),NA,NA,NA
GLUCUROCAT-PWY: superpathway of &beta;-D-glucuronide and D-glucuronate degradation,GLUCUROCAT-PWY,Others,Superpathways,superpathway of D-glucarate and D-galactarate degradation,NA,NA,NA,NA,NA,NA
HISDEG-PWY: L-histidine degradation I,HISDEG-PWY,Amino Acid Degradation,Degradation/Utilization/Assimilation,Amino Acid Degradation,Proteinogenic Amino Acid Degradation,L-histidine Degradation,L-histidine degradation I,NA,NA,NA
ORNARGDEG-PWY: superpathway of L-arginine and L-ornithine degradation,ORNARGDEG-PWY,Amino Acid Degradation,Degradation/Utilization/Assimilation,Amino Acid Degradation,Proteinogenic Amino Acid Degradation,L-arginine Degradation,superpathway of L-arginine and L-ornithine degradation,NA,NA,NA
P162-PWY: L-glutamate degradation V (via hydroxyglutarate),P162-PWY,Amino Acid Degradation,Degradation/Utilization/Assimilation,Amino Acid Degradation,Proteinogenic Amino Acid Degradation,L-glutamate Degradation,L-glutamate degradation V (via hydroxyglutarate),NA,NA,NA
P122-PWY: heterolactic fermentation,P122-PWY,Fermentation,Generation of Precursor Metabolites and Energy,Fermentation,Fermentation of Pyruvate,Pyruvate Fermentation to Ethanol,heterolactic fermentation,NA,NA,NA
PWY4LZ-257: superpathway of fermentation (Chlamydomonas reinhardtii),PWY4LZ-257,Fermentation,Generation of Precursor Metabolites and Energy,Fermentation,Fermentation of Pyruvate,superpathway of fermentation (Chlamydomonas reinhardtii),NA,NA,NA,NA
PWY-6588: pyruvate fermentation to acetone,PWY-6588,Fermentation,Generation of Precursor Metabolites and Energy,Fermentation,Fermentation of Pyruvate,pyruvate fermentation to acetone,NA,NA,NA,NA
PWY-6590: superpathway of Clostridium acetobutylicum acidogenic fermentation,PWY-6590,Fermentation,Generation of Precursor Metabolites and Energy,Fermentation,Fermentation of Pyruvate,superpathway of Clostridium acetobutylicum acidogenic fermentation,NA,NA,NA,NA
PWY-4321: L-glutamate degradation IV,PWY-4321,Amino Acid Degradation,Degradation/Utilization/Assimilation,Amino Acid Degradation,NA,NA,NA,NA,NA,NA
PWY-5030: L-histidine degradation III,PWY-5030,Amino Acid Degradation,Degradation/Utilization/Assimilation,Amino Acid Degradation,Proteinogenic Amino Acid Degradation,L-histidine Degradation,L-histidine degradation III,NA,NA,NA
PWY-5097: L-lysine biosynthesis VI,PWY-5097,Amino Acid Biosynthesis,Biosynthesis,Amino Acid Biosynthesis,Proteinogenic Amino Acid Biosynthesis,L-lysine Biosynthesis,L-lysine biosynthesis VI,NA,NA,NA
PWY-5154: L-arginine biosynthesis III (via N-acetyl-L-citrulline),PWY-5154,Amino Acid Biosynthesis,Biosynthesis,Amino Acid Biosynthesis,Proteinogenic Amino Acid Biosynthesis,L-arginine Biosynthesis,L-arginine biosynthesis III (via N-acetyl-L-citrulline),NA,NA,NA
"PWY-6318: L-phenylalanine degradation IV (mammalian, via side chain)",PWY-6318,Amino Acid Degradation,Degradation/Utilization/Assimilation,Amino Acid Degradation,Proteinogenic Amino Acid Degradation,L-phenylalanine Degradation,"L-phenylalanine degradation IV (mammalian, via side chain)",NA,NA,NA
THREOCAT-PWY: superpathway of L-threonine metabolism,THREOCAT-PWY,Amino Acid Degradation,Degradation/Utilization/Assimilation,Amino Acid Degradation,Proteinogenic Amino Acid Degradation,L-threonine Degradation,superpathway of L-threonine metabolism,NA,NA,NA
PWY-5345: superpathway of L-methionine biosynthesis (by sulfhydrylation),PWY-5345,Amino Acid Biosynthesis,Biosynthesis,Amino Acid Biosynthesis,Proteinogenic Amino Acid Biosynthesis,L-methionine Biosynthesis,L-methionine De Novo Biosynthesis,superpathway of L-methionine biosynthesis (by sulfhydrylation),NA,NA
PWY-5347: superpathway of L-methionine biosynthesis (transsulfuration),PWY-5347,Amino Acid Biosynthesis,Biosynthesis,Amino Acid Biosynthesis,Proteinogenic Amino Acid Biosynthesis,L-methionine Biosynthesis,L-methionine De Novo Biosynthesis,superpathway of L-methionine biosynthesis (transsulfuration),NA,NA
PWY-6549: L-glutamine biosynthesis III,PWY-6549,Amino Acid Biosynthesis,Biosynthesis,Amino Acid Biosynthesis,NA,NA,NA,NA,NA,NA
PWY-6628: superpathway of L-phenylalanine biosynthesis,PWY-6628,Amino Acid Biosynthesis,Biosynthesis,Amino Acid Biosynthesis,Proteinogenic Amino Acid Biosynthesis,L-phenylalanine Biosynthesis,superpathway of L-phenylalanine biosynthesis,NA,NA,NA
3-HYDROXYPHENYLACETATE-DEGRADATION-PWY: 4-hydroxyphenylacetate degradation,3-HYDROXYPHENYLACETATE-DEGRADATION-PWY,Amino Acid Degradation,Degradation/Utilization/Assimilation,Aromatic Compound Degradation,4-hydroxyphenylacetate degradation,NA,NA,NA,NA,NA
PWY-6629: superpathway of L-tryptophan biosynthesis,PWY-6629,Amino Acid Biosynthesis,Biosynthesis,Amino Acid Biosynthesis,Proteinogenic Amino Acid Biosynthesis,L-tryptophan Biosynthesis,superpathway of L-tryptophan biosynthesis,NA,NA,NA
PWY-6630: superpathway of L-tyrosine biosynthesis,PWY-6630,Amino Acid Biosynthesis,Biosynthesis,Amino Acid Biosynthesis,Proteinogenic Amino Acid Biosynthesis,L-tyrosine Biosynthesis,superpathway of L-tyrosine biosynthesis,NA,NA,NA
PWY-7003: glycerol degradation to butanol,PWY-7003,Fermentation,Generation of Precursor Metabolites and Energy,Fermentation,Fermentation to Alcohols,glycerol degradation to butanol,NA,NA,NA,NA
CATECHOL-ORTHO-CLEAVAGE-PWY: catechol degradation to &beta;-ketoadipate,CATECHOL-ORTHO-CLEAVAGE-PWY,Amino Acid Degradation,Degradation/Utilization/Assimilation,Aromatic Compound Degradation,Catechol Degradation,NA,NA,NA,NA,NA
HCAMHPDEG-PWY: 3-phenylpropanoate and 3-(3-hydroxyphenyl)propanoate degradation to 2-oxopent-4-enoate,HCAMHPDEG-PWY,Amino Acid Degradation,Degradation/Utilization/Assimilation,Aromatic Compound Degradation,Phenolic Compound Degradation,NA,NA,NA,NA,NA
PWY-7111: pyruvate fermentation to isobutanol (engineered),PWY-7111,Fermentation,Generation of Precursor Metabolites and Energy,Fermentation,Fermentation of Pyruvate,pyruvate fermentation to isobutanol (engineered),NA,NA,NA,NA
"PWY-7383: anaerobic energy metabolism (invertebrates, cytosol)",PWY-7383,Fermentation,Generation of Precursor Metabolites and Energy,Fermentation,"anaerobic energy metabolism (invertebrates, cytosol)",NA,NA,NA,NA,NA
"PWY-7385: 1,3-propanediol biosynthesis (engineered)",PWY-7385,Fermentation,Generation of Precursor Metabolites and Energy,Fermentation,Fermentation to Alcohols,"1,3-propanediol biosynthesis (engineered)",NA,NA,NA,NA
"PWY-724: superpathway of L-lysine, L-threonine and L-methionine biosynthesis II",PWY-724,Amino Acid Biosynthesis,Biosynthesis,Amino Acid Biosynthesis,"superpathway of L-lysine, L-threonine and L-methionine biosynthesis II",NA,NA,NA,NA,NA
PROTOCATECHUATE-ORTHO-CLEAVAGE-PWY: protocatechuate degradation II (ortho-cleavage pathway),PROTOCATECHUATE-ORTHO-CLEAVAGE-PWY,Amino Acid Degradation,Degradation/Utilization/Assimilation,Aromatic Compound Degradation,Protocatechuate Degradation,protocatechuate degradation II (ortho-cleavage pathway),NA,NA,NA,NA
PWY0-1277: 3-phenylpropanoate and 3-(3-hydroxyphenyl)propanoate degradation,PWY0-1277,Amino Acid Degradation,Degradation/Utilization/Assimilation,Aromatic Compound Degradation,3-phenylpropanoate and 3-(3-hydroxyphenyl)propanoate degradation,NA,NA,NA,NA,NA
PWY0-321: phenylacetate degradation I (aerobic),PWY0-321,Amino Acid Degradation,Degradation/Utilization/Assimilation,Aromatic Compound Degradation,Phenolic Compound Degradation,Phenylacetate Degradation,phenylacetate degradation I (aerobic),NA,NA,NA
PWY-5180: toluene degradation I (aerobic) (via o-cresol),PWY-5180,Amino Acid Degradation,Degradation/Utilization/Assimilation,Aromatic Compound Degradation,Toluene Degradation,toluene degradation I (aerobic) (via o-cresol),NA,NA,NA,NA
PWY-5181: toluene degradation III (aerobic) (via p-cresol),PWY-5181,Amino Acid Degradation,Degradation/Utilization/Assimilation,Aromatic Compound Degradation,Toluene Degradation,toluene degradation III (aerobic) (via p-cresol),NA,NA,NA,NA
PWY-5182: toluene degradation II (aerobic) (via 4-methylcatechol),PWY-5182,Amino Acid Degradation,Degradation/Utilization/Assimilation,Aromatic Compound Degradation,Toluene Degradation,toluene degradation II (aerobic) (via 4-methylcatechol),NA,NA,NA,NA
PWY-5417: catechol degradation III (ortho-cleavage pathway),PWY-5417,Amino Acid Degradation,Degradation/Utilization/Assimilation,Aromatic Compound Degradation,Catechol Degradation,catechol degradation III (ortho-cleavage pathway),NA,NA,NA,NA
PWY-5431: aromatic compounds degradation via &beta;-ketoadipate,PWY-5431,Amino Acid Degradation,Degradation/Utilization/Assimilation,Aromatic Compound Degradation,Catechol Degradation,NA,NA,NA,NA,NA
PWY-821: superpathway of sulfur amino acid biosynthesis (Saccharomyces cerevisiae),PWY-821,Amino Acid Biosynthesis,Biosynthesis,Amino Acid Biosynthesis,superpathway of sulfur amino acid biosynthesis (Saccharomyces cerevisiae),NA,NA,NA,NA,NA
PWY-6182: superpathway of salicylate degradation,PWY-6182,Amino Acid Degradation,Degradation/Utilization/Assimilation,Aromatic Compound Degradation,superpathway of salicylate degradation,NA,NA,NA,NA,NA
SER-GLYSYN-PWY: superpathway of L-serine and glycine biosynthesis I,SER-GLYSYN-PWY,Amino Acid Biosynthesis,Biosynthesis,Amino Acid Biosynthesis,superpathway of L-serine and glycine biosynthesis I,NA,NA,NA,NA,NA
THRESYN-PWY: superpathway of L-threonine biosynthesis,THRESYN-PWY,Amino Acid Biosynthesis,Biosynthesis,Amino Acid Biosynthesis,Proteinogenic Amino Acid Biosynthesis,L-threonine Biosynthesis,superpathway of L-threonine biosynthesis,NA,NA,NA
ANAGLYCOLYSIS-PWY: glycolysis III (from glucose),ANAGLYCOLYSIS-PWY,Glycolysis,Generation of Precursor Metabolites and Energy,Glycolysis,glycolysis III (from glucose),NA,NA,NA,NA,NA
VALSYN-PWY: L-valine biosynthesis,VALSYN-PWY,Amino Acid Biosynthesis,Biosynthesis,Amino Acid Biosynthesis,Proteinogenic Amino Acid Biosynthesis,L-valine Biosynthesis,L-valine biosynthesis,NA,NA,NA
TRNA-CHARGING-PWY: tRNA charging,TRNA-CHARGING-PWY,Other Biosynthesis,Biosynthesis,Aminoacyl-tRNA Charging,tRNA charging,NA,NA,NA,NA,NA
ARO-PWY: chorismate biosynthesis I,ARO-PWY,Amino Acid Biosynthesis,Biosynthesis,Aromatic Compound Biosynthesis,Chorismate Biosynthesis,chorismate biosynthesis I,NA,NA,NA,NA
PWY-6163: chorismate biosynthesis from 3-dehydroquinate,PWY-6163,Amino Acid Biosynthesis,Biosynthesis,Aromatic Compound Biosynthesis,Chorismate Biosynthesis,chorismate biosynthesis from 3-dehydroquinate,NA,NA,NA,NA
PWY-6185: 4-methylcatechol degradation (ortho cleavage),PWY-6185,Amino Acid Degradation,Degradation/Utilization/Assimilation,Aromatic Compound Degradation,4-methylcatechol degradation (ortho cleavage),NA,NA,NA,NA,NA
"PRPP-PWY: superpathway of histidine, purine, and pyrimidine biosynthesis",PRPP-PWY,Others,Superpathways,"superpathway of histidine, purine, and pyrimidine biosynthesis",NA,NA,NA,NA,NA,NA
DTDPRHAMSYN-PWY: dTDP-L-rhamnose biosynthesis I,DTDPRHAMSYN-PWY,Carbohydrate Biosynthesis,Biosynthesis,Carbohydrate Biosynthesis,Sugar Biosynthesis,NA,NA,NA,NA,NA
PWY-6690: cinnamate and 3-hydroxycinnamate degradation to 2-oxopent-4-enoate,PWY-6690,Amino Acid Degradation,Degradation/Utilization/Assimilation,Aromatic Compound Degradation,Phenolic Compound Degradation,NA,NA,NA,NA,NA
P185-PWY: formaldehyde assimilation III (dihydroxyacetone cycle),P185-PWY,Other degradation,Degradation/Utilization/Assimilation,C1 Compound Utilization and Assimilation,Formaldehyde Assimilation,formaldehyde assimilation III (dihydroxyacetone cycle),NA,NA,NA,NA
P23-PWY: reductive TCA cycle I,P23-PWY,Other degradation,Degradation/Utilization/Assimilation,C1 Compound Utilization and Assimilation,CO2 Fixation,Autotrophic CO2 Fixation,Reductive TCA Cycles,reductive TCA cycle I,NA,NA
P42-PWY: incomplete reductive TCA cycle,P42-PWY,Other degradation,Degradation/Utilization/Assimilation,C1 Compound Utilization and Assimilation,CO2 Fixation,Autotrophic CO2 Fixation,Reductive TCA Cycles,incomplete reductive TCA cycle,NA,NA
ECASYN-PWY: enterobacterial common antigen biosynthesis,ECASYN-PWY,Carbohydrate Biosynthesis,Biosynthesis,Carbohydrate Biosynthesis,Glycan Biosynthesis,Polysaccharide Biosynthesis,enterobacterial common antigen biosynthesis,NA,NA,NA
GLUCONEO-PWY: gluconeogenesis I,GLUCONEO-PWY,Carbohydrate Biosynthesis,Biosynthesis,Carbohydrate Biosynthesis,Sugar Biosynthesis,Gluconeogenesis,gluconeogenesis I,NA,NA,NA
PWY-5659: GDP-mannose biosynthesis,PWY-5659,Carbohydrate Biosynthesis,Biosynthesis,Carbohydrate Biosynthesis,Sugar Biosynthesis,Sugar Nucleotide Biosynthesis,GDP-sugar Biosynthesis,GDP-mannose biosynthesis,NA,NA
PWY0-1479: tRNA processing,PWY0-1479,Others,Macromolecule Modification,Nucleic Acid Processing,tRNA processing,NA,NA,NA,NA,NA
PWY-6143: CMP-pseudaminate biosynthesis,PWY-6143,Carbohydrate Biosynthesis,Biosynthesis,Carbohydrate Biosynthesis,Sugar Biosynthesis,Sugar Nucleotide Biosynthesis,CMP-sugar Biosynthesis,CMP-pseudaminate biosynthesis,NA,NA
RUMP-PWY: formaldehyde oxidation I,RUMP-PWY,Other degradation,Degradation/Utilization/Assimilation,C1 Compound Utilization and Assimilation,Formaldehyde Oxidation,formaldehyde oxidation I,NA,NA,NA,NA
GLUCOSE1PMETAB-PWY: glucose and glucose-1-phosphate degradation,GLUCOSE1PMETAB-PWY,Carbohydrate Degradation,Degradation/Utilization/Assimilation,Carbohydrate Degradation,Sugar Degradation,glucose and glucose-1-phosphate degradation,NA,NA,NA,NA
PWY0-781: aspartate superpathway,PWY0-781,Others,Superpathways,Superpathways,aspartate superpathway,NA,NA,NA,NA,NA
PWY66-399: gluconeogenesis III,PWY66-399,Carbohydrate Biosynthesis,Biosynthesis,Carbohydrate Biosynthesis,Sugar Biosynthesis,Gluconeogenesis,gluconeogenesis III,NA,NA,NA
PWY-6749: CMP-legionaminate biosynthesis I,PWY-6749,Carbohydrate Biosynthesis,Biosynthesis,Carbohydrate Biosynthesis,Sugar Biosynthesis,Sugar Nucleotide Biosynthesis,CMP-sugar Biosynthesis,CMP-legionaminate biosynthesis,CMP-legionaminate biosynthesis I,NA
PWY-7312: dTDP-D-&beta;-fucofuranose biosynthesis,PWY-7312,Carbohydrate Biosynthesis,Biosynthesis,Carbohydrate Biosynthesis,Sugar Biosynthesis,NA,NA,NA,NA,NA
GLYCOLYSIS: glycolysis I (from glucose 6-phosphate),GLYCOLYSIS,Glycolysis,Generation of Precursor Metabolites and Energy,Glycolysis,glycolysis I (from glucose 6-phosphate),NA,NA,NA,NA,NA
GLYCOCAT-PWY: glycogen degradation I (bacterial),GLYCOCAT-PWY,Carbohydrate Degradation,Degradation/Utilization/Assimilation,Carbohydrate Degradation,Polysaccharide Degradation,Glycan Degradation,NA,NA,NA,NA
PWY-1042: glycolysis IV (plant cytosol),PWY-1042,Glycolysis,Generation of Precursor Metabolites and Energy,Glycolysis,NA,NA,NA,NA,NA,NA
PWY-2723: trehalose degradation V,PWY-2723,Carbohydrate Degradation,Degradation/Utilization/Assimilation,Carbohydrate Degradation,Sugar Degradation,Trehalose Degradation,trehalose degradation V,NA,NA,NA
PWY-7315: dTDP-N-acetylthomosamine biosynthesis,PWY-7315,Carbohydrate Biosynthesis,Biosynthesis,Carbohydrate Biosynthesis,Sugar Biosynthesis,Sugar Nucleotide Biosynthesis,dTDP-sugar Biosynthesis,dTDP-N-acetylthomosamine biosynthesis,NA,NA
PWY-7323: superpathway of GDP-mannose-derived O-antigen building blocks biosynthesis,PWY-7323,Carbohydrate Biosynthesis,Biosynthesis,Carbohydrate Biosynthesis,Sugar Biosynthesis,Sugar Nucleotide Biosynthesis,GDP-sugar Biosynthesis,superpathway of GDP-mannose-derived O-antigen building blocks biosynthesis,NA,NA
PWY-3801: sucrose degradation II (sucrose synthase),PWY-3801,Carbohydrate Degradation,Degradation/Utilization/Assimilation,Carbohydrate Degradation,Sugar Degradation,Sucrose Degradation,sucrose degradation II (sucrose synthase),NA,NA,NA
PWY-7328: superpathway of UDP-glucose-derived O-antigen building blocks biosynthesis,PWY-7328,Carbohydrate Biosynthesis,Biosynthesis,Carbohydrate Biosynthesis,Sugar Biosynthesis,Sugar Nucleotide Biosynthesis,UDP-sugar Biosynthesis,superpathway of UDP-glucose-derived O-antigen building blocks biosynthesis,NA,NA
PWY-7332: superpathway of UDP-N-acetylglucosamine-derived O-antigen building blocks biosynthesis,PWY-7332,Carbohydrate Biosynthesis,Biosynthesis,Carbohydrate Biosynthesis,Sugar Biosynthesis,Sugar Nucleotide Biosynthesis,UDP-sugar Biosynthesis,superpathway of UDP-N-acetylglucosamine-derived O-antigen building blocks biosynthesis,NA,NA
KDO-NAGLIPASYN-PWY: superpathway of (Kdo)2-lipid A biosynthesis,KDO-NAGLIPASYN-PWY,Cell Structure Biosynthesis,Biosynthesis,Cell Structure Biosynthesis,Lipopolysaccharide Biosynthesis,superpathway of (Kdo)2-lipid A biosynthesis,NA,NA,NA,NA
PEPTIDOGLYCANSYN-PWY: peptidoglycan biosynthesis I (meso-diaminopimelate containing),PEPTIDOGLYCANSYN-PWY,Cell Structure Biosynthesis,Biosynthesis,Cell Structure Biosynthesis,Cell Wall Biosynthesis,Peptidoglycan Biosynthesis,peptidoglycan biosynthesis I (meso-diaminopimelate containing),NA,NA,NA
PWY0-1338: polymyxin resistance,PWY0-1338,Cell Structure Biosynthesis,Biosynthesis,Cell Structure Biosynthesis,Lipopolysaccharide Biosynthesis,polymyxin resistance,NA,NA,NA,NA
PWY-5384: sucrose degradation IV (sucrose phosphorylase),PWY-5384,Carbohydrate Degradation,Degradation/Utilization/Assimilation,Carbohydrate Degradation,Sugar Degradation,Sucrose Degradation,sucrose degradation IV (sucrose phosphorylase),NA,NA,NA
PWY-6385: peptidoglycan biosynthesis III (mycobacteria),PWY-6385,Cell Structure Biosynthesis,Biosynthesis,Cell Structure Biosynthesis,Cell Wall Biosynthesis,Peptidoglycan Biosynthesis,peptidoglycan biosynthesis III (mycobacteria),NA,NA,NA
PWY-5941: glycogen degradation II (eukaryotic),PWY-5941,Carbohydrate Degradation,Degradation/Utilization/Assimilation,Carbohydrate Degradation,Polysaccharide Degradation,Glycan Degradation,NA,NA,NA,NA
PWY-6386: UDP-N-acetylmuramoyl-pentapeptide biosynthesis II (lysine-containing),PWY-6386,Cell Structure Biosynthesis,Biosynthesis,Cell Structure Biosynthesis,Cell Wall Biosynthesis,UDP-N-Acetylmuramoyl-Pentapeptide Biosynthesis,UDP-N-acetylmuramoyl-pentapeptide biosynthesis II (lysine-containing),NA,NA,NA
PWY-6387: UDP-N-acetylmuramoyl-pentapeptide biosynthesis I (meso-diaminopimelate containing),PWY-6387,Cell Structure Biosynthesis,Biosynthesis,Cell Structure Biosynthesis,Cell Wall Biosynthesis,UDP-N-Acetylmuramoyl-Pentapeptide Biosynthesis,UDP-N-acetylmuramoyl-pentapeptide biosynthesis I (meso-diaminopimelate containing),NA,NA,NA
PWY66-400: glycolysis VI (metazoan),PWY66-400,Glycolysis,Generation of Precursor Metabolites and Energy,Glycolysis,NA,NA,NA,NA,NA,NA
TEICHOICACID-PWY: teichoic acid (poly-glycerol) biosynthesis,TEICHOICACID-PWY,Cell Structure Biosynthesis,Biosynthesis,Cell Structure Biosynthesis,Cell Wall Biosynthesis,Teichoic Acid Biosynthesis,NA,NA,NA,NA
PWY-6572: chondroitin sulfate degradation I (bacterial),PWY-6572,Carbohydrate Degradation,Degradation/Utilization/Assimilation,Carbohydrate Degradation,Polysaccharide Degradation,Glycosaminoglycan Degradation,chondroitin sulfate degradation I (bacterial),NA,NA,NA
1CMET2-PWY: N10-formyl-tetrahydrofolate biosynthesis,1CMET2-PWY,"Cofactor, Carrier, and Vitamin Biosynthesis",Biosynthesis,"Cofactor, Carrier, and Vitamin Biosynthesis",Carrier Biosynthesis,Single Carbon Carrier Biosynthesis,Folate Biosynthesis,Folate Transformations,NA,NA
COA-PWY: coenzyme A biosynthesis I,COA-PWY,"Cofactor, Carrier, and Vitamin Biosynthesis",Biosynthesis,"Cofactor, Carrier, and Vitamin Biosynthesis",Carrier Biosynthesis,Coenzyme A Biosynthesis,NA,NA,NA,NA
PWY-6731: starch degradation III,PWY-6731,Carbohydrate Degradation,Degradation/Utilization/Assimilation,Carbohydrate Degradation,Polysaccharide Degradation,Starch Degradation,starch degradation III,NA,NA,NA
PWY-6737: starch degradation V,PWY-6737,Carbohydrate Degradation,Degradation/Utilization/Assimilation,Carbohydrate Degradation,Polysaccharide Degradation,Starch Degradation,starch degradation V,NA,NA,NA
PWY-6901: superpathway of glucose and xylose degradation,PWY-6901,Carbohydrate Degradation,Degradation/Utilization/Assimilation,Carbohydrate Degradation,Sugar Degradation,superpathway of glucose and xylose degradation,NA,NA,NA,NA
COA-PWY-1: coenzyme A biosynthesis II (mammalian),COA-PWY-1,"Cofactor, Carrier, and Vitamin Biosynthesis",Biosynthesis,"Cofactor, Carrier, and Vitamin Biosynthesis",Carrier Biosynthesis,Coenzyme A Biosynthesis,NA,NA,NA,NA
PWY-7345: superpathway of anaerobic sucrose degradation,PWY-7345,Carbohydrate Degradation,Degradation/Utilization/Assimilation,Carbohydrate Degradation,Sugar Degradation,Sucrose Degradation,superpathway of anaerobic sucrose degradation,NA,NA,NA
RHAMCAT-PWY: L-rhamnose degradation I,RHAMCAT-PWY,Carbohydrate Degradation,Degradation/Utilization/Assimilation,Carbohydrate Degradation,Sugar Degradation,L-rhamnose Degradation,L-rhamnose degradation I,NA,NA,NA
FUCCAT-PWY: fucose degradation,FUCCAT-PWY,Carboxylate Degradation,Degradation/Utilization/Assimilation,Carboxylate Degradation,NA,NA,NA,NA,NA,NA
GALACTARDEG-PWY: D-galactarate degradation I,GALACTARDEG-PWY,Carboxylate Degradation,Degradation/Utilization/Assimilation,Carboxylate Degradation,Sugar Acid Degradation,D-Galactarate Degradation,D-galactarate degradation I,NA,NA,NA
GALACTUROCAT-PWY: D-galacturonate degradation I,GALACTUROCAT-PWY,Carboxylate Degradation,Degradation/Utilization/Assimilation,Carboxylate Degradation,Sugar Acid Degradation,D-Galacturonate Degradation,D-galacturonate degradation I,NA,NA,NA
COBALSYN-PWY: adenosylcobalamin salvage from cobinamide I,COBALSYN-PWY,"Cofactor, Carrier, and Vitamin Biosynthesis",Biosynthesis,"Cofactor, Carrier, and Vitamin Biosynthesis",Enzyme Cofactor Biosynthesis,Cobamide Biosynthesis,NA,NA,NA,NA
FOLSYN-PWY: superpathway of tetrahydrofolate biosynthesis and salvage,FOLSYN-PWY,"Cofactor, Carrier, and Vitamin Biosynthesis",Biosynthesis,"Cofactor, Carrier, and Vitamin Biosynthesis",Carrier Biosynthesis,Single Carbon Carrier Biosynthesis,Folate Biosynthesis,superpathway of tetrahydrofolate biosynthesis and salvage,NA,NA
HEME-BIOSYNTHESIS-II: heme biosynthesis I (aerobic),HEME-BIOSYNTHESIS-II,"Cofactor, Carrier, and Vitamin Biosynthesis",Biosynthesis,"Cofactor, Carrier, and Vitamin Biosynthesis",Enzyme Cofactor Biosynthesis,Heme Biosynthesis,NA,NA,NA,NA
HEMESYN2-PWY: heme biosynthesis II (anaerobic),HEMESYN2-PWY,"Cofactor, Carrier, and Vitamin Biosynthesis",Biosynthesis,"Cofactor, Carrier, and Vitamin Biosynthesis",Enzyme Cofactor Biosynthesis,Heme Biosynthesis,NA,NA,NA,NA
GLUCARDEG-PWY: D-glucarate degradation I,GLUCARDEG-PWY,Carboxylate Degradation,Degradation/Utilization/Assimilation,Carboxylate Degradation,Sugar Acid Degradation,D-Glucarate Degradation,D-glucarate degradation I,NA,NA,NA
KETOGLUCONMET-PWY: ketogluconate metabolism,KETOGLUCONMET-PWY,Carboxylate Degradation,Degradation/Utilization/Assimilation,Carboxylate Degradation,Sugar Acid Degradation,ketogluconate metabolism,NA,NA,NA,NA
P161-PWY: acetylene degradation,P161-PWY,Carboxylate Degradation,Degradation/Utilization/Assimilation,Carboxylate Degradation,Fermentation to Acetate,acetylene degradation (anaerobic),NA,NA,NA,NA
MET-SAM-PWY: superpathway of S-adenosyl-L-methionine biosynthesis,MET-SAM-PWY,"Cofactor, Carrier, and Vitamin Biosynthesis",Biosynthesis,"Cofactor, Carrier, and Vitamin Biosynthesis",Carrier Biosynthesis,Single Carbon Carrier Biosynthesis,S-adenosyl-L-methionine Biosynthesis,superpathway of S-adenosyl-L-methionine biosynthesis,NA,NA
GLYOXYLATE-BYPASS: glyoxylate cycle,GLYOXYLATE-BYPASS,Others,Generation of Precursor Metabolites and Energy,glyoxylate cycle,NA,NA,NA,NA,NA,NA
PANTO-PWY: phosphopantothenate biosynthesis I,PANTO-PWY,"Cofactor, Carrier, and Vitamin Biosynthesis",Biosynthesis,"Cofactor, Carrier, and Vitamin Biosynthesis",Carrier Biosynthesis,Coenzyme A Biosynthesis,Phosphopantothenate Biosynthesis,phosphopantothenate biosynthesis I,NA,NA
PANTOSYN-PWY: pantothenate and coenzyme A biosynthesis I,PANTOSYN-PWY,"Cofactor, Carrier, and Vitamin Biosynthesis",Biosynthesis,"Cofactor, Carrier, and Vitamin Biosynthesis",Carrier Biosynthesis,Carrier Biosynthesis,NA,NA,NA,NA
P441-PWY: superpathway of N-acetylneuraminate degradation,P441-PWY,Carboxylate Degradation,Degradation/Utilization/Assimilation,Carboxylate Degradation,superpathway of N-acetylneuraminate degradation,NA,NA,NA,NA,NA
PWY0-1415: superpathway of heme biosynthesis from uroporphyrinogen-III,PWY0-1415,"Cofactor, Carrier, and Vitamin Biosynthesis",Biosynthesis ,"Cofactor, Carrier, and Vitamin Biosynthesis",Enzyme Cofactor Biosynthesis,Heme Biosynthesis,Heme b Biosynthesis,NA,NA,NA
GLYCOLYSIS-E-D: superpathway of glycolysis and Entner-Doudoroff,GLYCOLYSIS-E-D,Others,Generation of Precursor Metabolites and Energy,Superpathways,superpathway of glycolysis and the Entner-Doudoroff pathway,NA,NA,NA,NA,NA
"P461-PWY: hexitol fermentation to lactate, formate, ethanol and acetate",P461-PWY,Carboxylate Degradation,Degradation/Utilization/Assimilation,Carboxylate Degradation,Fermentation to Acetate,"hexitol fermentation to lactate, formate, ethanol and acetate",NA,NA,NA,NA
NONOXIPENT-PWY: pentose phosphate pathway (non-oxidative branch),NONOXIPENT-PWY,Pentose Phosphate Pathways,Generation of Precursor Metabolites and Energy,Pentose Phosphate Pathways,NA,NA,NA,NA,NA,NA
PWY0-42: 2-methylcitrate cycle I,PWY0-42,Carboxylate Degradation,Degradation/Utilization/Assimilation,Carboxylate Degradation,Propanoate Degradation,2-Methylcitrate Cycle,2-methylcitrate cycle I,NA,NA,NA
PWY0-845: superpathway of pyridoxal 5'-phosphate biosynthesis and salvage,PWY0-845,"Cofactor, Carrier, and Vitamin Biosynthesis",Biosynthesis,"Cofactor, Carrier, and Vitamin Biosynthesis",Enzyme Cofactor Biosynthesis,Vitamin B6 Biosynthesis,superpathway of pyridoxal 5'-phosphate biosynthesis and salvage,NA,NA,NA
PWY-3841: folate transformations II,PWY-3841,"Cofactor, Carrier, and Vitamin Biosynthesis",Biosynthesis,"Cofactor, Carrier, and Vitamin Biosynthesis",Carrier Biosynthesis,Single Carbon Carrier Biosynthesis,Folate Biosynthesis,Folate Transformations,NA,NA
PWY3DJ-35471: L-ascorbate biosynthesis IV,PWY3DJ-35471,"Cofactor, Carrier, and Vitamin Biosynthesis",Biosynthesis,"Cofactor, Carrier, and Vitamin Biosynthesis",Enzyme Cofactor Biosynthesis,Ascorbate Biosynthesis,"L-ascorbate biosynthesis IV (animals, D-glucuronate pathway)",NA,NA,NA
PWY-4041: &gamma;-glutamyl cycle,PWY-4041,"Cofactor, Carrier, and Vitamin Biosynthesis",Biosynthesis,"Cofactor, Carrier, and Vitamin Biosynthesis",Carrier Biosynthesis,Electron Carrier Biosynthesis,Reductant Biosynthesis,NA,NA,NA
PWY-4242: pantothenate and coenzyme A biosynthesis III,PWY-4242,"Cofactor, Carrier, and Vitamin Biosynthesis",Biosynthesis,"Cofactor, Carrier, and Vitamin Biosynthesis",NA,NA,NA,NA,NA,NA
PWY-5005: biotin biosynthesis II,PWY-5005,"Cofactor, Carrier, and Vitamin Biosynthesis",Biosynthesis,"Cofactor, Carrier, and Vitamin Biosynthesis",Enzyme Cofactor Biosynthesis,Biotin Biosynthesis,biotin biosynthesis II,NA,NA,NA
PWY-5083: NAD/NADH phosphorylation and dephosphorylation,PWY-5083,"Cofactor, Carrier, and Vitamin Biosynthesis",Biosynthesis,"Cofactor, Carrier, and Vitamin Biosynthesis",NA,NA,NA,NA,NA,NA
"PWY-5509: adenosylcobalamin biosynthesis from cobyrinate a,c-diamide I",PWY-5509,"Cofactor, Carrier, and Vitamin Biosynthesis",Biosynthesis,"Cofactor, Carrier, and Vitamin Biosynthesis",Enzyme Cofactor Biosynthesis,Cobamide Biosynthesis,NA,NA,NA,NA
"PWY-5791: 1,4-dihydroxy-2-naphthoate biosynthesis II (plants)",PWY-5791,"Cofactor, Carrier, and Vitamin Biosynthesis",Biosynthesis,"Cofactor, Carrier, and Vitamin Biosynthesis",Carrier Biosynthesis,Electron Carrier Biosynthesis,Quinol and Quinone Biosynthesis,"1,4-Dihydroxy-2-Naphthoate Biosynthesis",NA,NA
"PWY-5837: 1,4-dihydroxy-2-naphthoate biosynthesis I",PWY-5837,"Cofactor, Carrier, and Vitamin Biosynthesis",Biosynthesis,"Cofactor, Carrier, and Vitamin Biosynthesis",Carrier Biosynthesis,Electron Carrier Biosynthesis,Quinol and Quinone Biosynthesis,"1,4-Dihydroxy-2-Naphthoate Biosynthesis",NA,NA
PWY-5838: superpathway of menaquinol-8 biosynthesis I,PWY-5838,"Cofactor, Carrier, and Vitamin Biosynthesis",Biosynthesis,"Cofactor, Carrier, and Vitamin Biosynthesis",Carrier Biosynthesis,Electron Carrier Biosynthesis,Quinol and Quinone Biosynthesis,Menaquinol Biosynthesis,superpathway of menaquinol-8 biosynthesis I,NA
PWY-5840: superpathway of menaquinol-7 biosynthesis,PWY-5840,"Cofactor, Carrier, and Vitamin Biosynthesis",Biosynthesis,"Cofactor, Carrier, and Vitamin Biosynthesis",Carrier Biosynthesis,Electron Carrier Biosynthesis,Quinol and Quinone Biosynthesis,Menaquinol Biosynthesis,superpathway of menaquinol-7 biosynthesis,NA
PWY-5845: superpathway of menaquinol-9 biosynthesis,PWY-5845,"Cofactor, Carrier, and Vitamin Biosynthesis",Biosynthesis,"Cofactor, Carrier, and Vitamin Biosynthesis",Carrier Biosynthesis,Electron Carrier Biosynthesis,Quinol and Quinone Biosynthesis,Menaquinol Biosynthesis,superpathway of menaquinol-9 biosynthesis,NA
PWY-5850: superpathway of menaquinol-6 biosynthesis I,PWY-5850,"Cofactor, Carrier, and Vitamin Biosynthesis",Biosynthesis,"Cofactor, Carrier, and Vitamin Biosynthesis",NA,NA,NA,NA,NA,NA
PWY-5855: ubiquinol-7 biosynthesis (prokaryotic),PWY-5855,"Cofactor, Carrier, and Vitamin Biosynthesis",Biosynthesis,"Cofactor, Carrier, and Vitamin Biosynthesis",NA,NA,NA,NA,NA,NA
PWY-5856: ubiquinol-9 biosynthesis (prokaryotic),PWY-5856,"Cofactor, Carrier, and Vitamin Biosynthesis",Biosynthesis,"Cofactor, Carrier, and Vitamin Biosynthesis",NA,NA,NA,NA,NA,NA
PWY-5857: ubiquinol-10 biosynthesis (prokaryotic),PWY-5857,"Cofactor, Carrier, and Vitamin Biosynthesis",Biosynthesis,"Cofactor, Carrier, and Vitamin Biosynthesis",NA,NA,NA,NA,NA,NA
PWY-5860: superpathway of demethylmenaquinol-6 biosynthesis I,PWY-5860,"Cofactor, Carrier, and Vitamin Biosynthesis",Biosynthesis,"Cofactor, Carrier, and Vitamin Biosynthesis",Carrier Biosynthesis,Electron Carrier Biosynthesis,Quinol and Quinone Biosynthesis,Demethylmenaquinol Biosynthesis,Demethylmenaquinol-6 Biosynthesis,superpathway of demethylmenaquinol-6 biosynthesis I
PENTOSE-P-PWY: pentose phosphate pathway,PENTOSE-P-PWY,Pentose Phosphate Pathways,Generation of Precursor Metabolites and Energy,Pentose Phosphate Pathways,pentose phosphate pathway,NA,NA,NA,NA,NA
PWY-5861: superpathway of demethylmenaquinol-8 biosynthesis,PWY-5861,"Cofactor, Carrier, and Vitamin Biosynthesis",Biosynthesis,"Cofactor, Carrier, and Vitamin Biosynthesis",Carrier Biosynthesis,Electron Carrier Biosynthesis,Quinol and Quinone Biosynthesis,Demethylmenaquinol Biosynthesis,Demethylmenaquinol-8 Biosynthesis,superpathway of demethylmenaquinol-8 biosynthesis I
PWY-5862: superpathway of demethylmenaquinol-9 biosynthesis,PWY-5862,"Cofactor, Carrier, and Vitamin Biosynthesis",Biosynthesis,"Cofactor, Carrier, and Vitamin Biosynthesis",Carrier Biosynthesis,Electron Carrier Biosynthesis,Quinol and Quinone Biosynthesis,Demethylmenaquinol Biosynthesis,superpathway of demethylmenaquinol-9 biosynthesis,NA
PWY-5100: pyruvate fermentation to acetate and lactate II,PWY-5100,Carboxylate Degradation,Degradation/Utilization/Assimilation,Carboxylate Degradation,Fermentation to Acetate,Pyruvate Fermentation to Acetate,pyruvate fermentation to acetate and lactate II,NA,NA,NA
PWY-5863: superpathway of phylloquinol biosynthesis,PWY-5863,"Cofactor, Carrier, and Vitamin Biosynthesis",Biosynthesis,"Cofactor, Carrier, and Vitamin Biosynthesis",Carrier Biosynthesis,Electron Carrier Biosynthesis,Quinol and Quinone Biosynthesis,Phylloquinol Biosynthesis,superpathway of phylloquinol biosynthesis,NA
PWY-5896: superpathway of menaquinol-10 biosynthesis,PWY-5896,"Cofactor, Carrier, and Vitamin Biosynthesis",Biosynthesis,"Cofactor, Carrier, and Vitamin Biosynthesis",Carrier Biosynthesis,Electron Carrier Biosynthesis,Quinol and Quinone Biosynthesis,Menaquinol Biosynthesis,superpathway of menaquinol-10 biosynthesis,NA
PWY-5897: superpathway of menaquinol-11 biosynthesis,PWY-5897,"Cofactor, Carrier, and Vitamin Biosynthesis",Biosynthesis,"Cofactor, Carrier, and Vitamin Biosynthesis",Carrier Biosynthesis,Electron Carrier Biosynthesis,Quinol and Quinone Biosynthesis,Menaquinol Biosynthesis,superpathway of menaquinol-11 biosynthesis,NA
PWY-5173: superpathway of acetyl-CoA biosynthesis,PWY-5173,Carboxylate Degradation,Degradation/Utilization/Assimilation,Carboxylate Degradation,NA,NA,NA,NA,NA,NA
PWY-5898: superpathway of menaquinol-12 biosynthesis,PWY-5898,"Cofactor, Carrier, and Vitamin Biosynthesis",Biosynthesis,"Cofactor, Carrier, and Vitamin Biosynthesis",Carrier Biosynthesis,Electron Carrier Biosynthesis,Quinol and Quinone Biosynthesis,Menaquinol Biosynthesis,superpathway of menaquinol-12 biosynthesis,NA
PWY-5899: superpathway of menaquinol-13 biosynthesis,PWY-5899,"Cofactor, Carrier, and Vitamin Biosynthesis",Biosynthesis,"Cofactor, Carrier, and Vitamin Biosynthesis",Carrier Biosynthesis,Electron Carrier Biosynthesis,Quinol and Quinone Biosynthesis,Menaquinol Biosynthesis,superpathway of menaquinol-13 biosynthesis,NA
PWY-5918: superpathay of heme biosynthesis from glutamate,PWY-5918,"Cofactor, Carrier, and Vitamin Biosynthesis",Biosynthesis,"Cofactor, Carrier, and Vitamin Biosynthesis",NA,NA,NA,NA,NA,NA
PWY-5920: superpathway of heme biosynthesis from glycine,PWY-5920,"Cofactor, Carrier, and Vitamin Biosynthesis",BIosynthesis,"Cofactor, Carrier, and Vitamin Biosynthesis",NA,NA,NA,NA,NA,NA
PWY-6147: 6-hydroxymethyl-dihydropterin diphosphate biosynthesis I,PWY-6147,"Cofactor, Carrier, and Vitamin Biosynthesis",Biosynthesis,"Cofactor, Carrier, and Vitamin Biosynthesis",Carrier Biosynthesis,Single Carbon Carrier Biosynthesis,Folate Biosynthesis,6-Hydroxymethyl-Dihydropterin Diphosphate Biosynthesis,6-hydroxymethyl-dihydropterin diphosphate biosynthesis I,NA
PWY-6168: flavin biosynthesis III (fungi),PWY-6168,"Cofactor, Carrier, and Vitamin Biosynthesis",Biosynthesis,"Cofactor, Carrier, and Vitamin Biosynthesis",Carrier Biosynthesis,Electron Carrier Biosynthesis,Flavin Biosynthesis,flavin biosynthesis III (fungi),NA,NA
PWY-6612: superpathway of tetrahydrofolate biosynthesis,PWY-6612,"Cofactor, Carrier, and Vitamin Biosynthesis",Biosynthesis,"Cofactor, Carrier, and Vitamin Biosynthesis",Carrier Biosynthesis,Single Carbon Carrier Biosynthesis,Folate Biosynthesis,superpathway of tetrahydrofolate biosynthesis,NA,NA
PWY-6708: ubiquinol-8 biosynthesis (prokaryotic),PWY-6708,"Cofactor, Carrier, and Vitamin Biosynthesis",Biosynthesis,"Cofactor, Carrier, and Vitamin Biosynthesis",NA,NA,NA,NA,NA,NA
PWY-6823: molybdenum cofactor biosynthesis,PWY-6823,"Cofactor, Carrier, and Vitamin Biosynthesis",Biosynthesis,"Cofactor, Carrier, and Vitamin Biosynthesis",Enzyme Cofactor Biosynthesis,Molybdenum-Containing Cofactor Biosynthesis,molybdenum cofactor biosynthesis,NA,NA,NA
PWY-6891: thiazole biosynthesis II (Bacillus),PWY-6891,"Cofactor, Carrier, and Vitamin Biosynthesis",Biosynthesis,"Cofactor, Carrier, and Vitamin Biosynthesis",NA,NA,NA,NA,NA,NA
PWY-5177: glutaryl-CoA degradation,PWY-5177,Carboxylate Degradation,Degradation/Utilization/Assimilation,Carboxylate Degradation,glutaryl-CoA degradation,NA,NA,NA,NA,NA
PWY-5747: 2-methylcitrate cycle II,PWY-5747,Carboxylate Degradation,Degradation/Utilization/Assimilation,Carboxylate Degradation,Propanoate Degradation,2-Methylcitrate Cycle,2-methylcitrate cycle II,NA,NA,NA
PWY-6892: thiazole biosynthesis I (E. coli),PWY-6892,"Cofactor, Carrier, and Vitamin Biosynthesis",Biosynthesis,"Cofactor, Carrier, and Vitamin Biosynthesis",NA,NA,NA,NA,NA,NA
PWY-6897: thiamin salvage II,PWY-6897,"Cofactor, Carrier, and Vitamin Biosynthesis",Biosynthesis,"Cofactor, Carrier, and Vitamin Biosynthesis",NA,NA,NA,NA,NA,NA
PWY-7165: L-ascorbate biosynthesis VI (engineered pathway),PWY-7165,"Cofactor, Carrier, and Vitamin Biosynthesis",Biosynthesis,"Cofactor, Carrier, and Vitamin Biosynthesis",NA,NA,NA,NA,NA,NA
PWY-7242: D-fructuronate degradation,PWY-7242,Carboxylate Degradation,Degradation/Utilization/Assimilation,Carboxylate Degradation,Sugar Acid Degradation,D-fructuronate degradation,NA,NA,NA,NA
PWY-7204: pyridoxal 5'-phosphate salvage II (plants),PWY-7204,"Cofactor, Carrier, and Vitamin Biosynthesis",Biosynthesis,"Cofactor, Carrier, and Vitamin Biosynthesis",Enzyme Cofactor Biosynthesis,Vitamin B6 Biosynthesis,pyridoxal 5'-phosphate salvage II (plants),NA,NA,NA
PWY-7245: superpathway NAD/NADP - NADH/NADPH interconversion (yeast),PWY-7245,"Cofactor, Carrier, and Vitamin Biosynthesis",Biosynthesis,"Cofactor, Carrier, and Vitamin Biosynthesis",NA,NA,NA,NA,NA,NA
PWY-7268: NAD/NADP-NADH/NADPH cytosolic interconversion (yeast),PWY-7268,"Cofactor, Carrier, and Vitamin Biosynthesis",Biosynthesis,"Cofactor, Carrier, and Vitamin Biosynthesis",NA,NA,NA,NA,NA,NA
P221-PWY: octane oxidation,P221-PWY,Other degradation,Degradation/Utilization/Assimilation,Degradation/Utilization/Assimilation - Other,octane oxidation,NA,NA,NA,NA,NA
PWY-7269: NAD/NADP-NADH/NADPH mitochondrial interconversion (yeast),PWY-7269,"Cofactor, Carrier, and Vitamin Biosynthesis",Biosynthesis,"Cofactor, Carrier, and Vitamin Biosynthesis",NA,NA,NA,NA,NA,NA
PWY-7282: 4-amino-2-methyl-5-phosphomethylpyrimidine biosynthesis (yeast),PWY-7282,"Cofactor, Carrier, and Vitamin Biosynthesis",Biosynthesis,"Cofactor, Carrier, and Vitamin Biosynthesis",Enzyme Cofactor Biosynthesis,Thiamine Biosynthesis,NA,NA,NA,NA
FAO-PWY: fatty acid &beta;-oxidation I,FAO-PWY,Fatty Acid and Lipid Degradation,Degradation/Utilization/Assimilation,Fatty Acid and Lipid Degradation,Ceramide and Sphingolipid Recycling and Degradation,NA,NA,NA,NA,NA
"PWY-241: C4 photosynthetic carbon assimilation cycle, NADP-ME type",PWY-241,Photosynthesis,Generation of Precursor Metabolites and Energy,Photosynthesis,"C4 photosynthetic carbon assimilation cycle, NADP-ME type",NA,NA,NA,NA,NA
"PWY-7115: C4 photosynthetic carbon assimilation cycle, NAD-ME type",PWY-7115,Photosynthesis,Generation of Precursor Metabolites and Energy,Photosynthesis,"C4 photosynthetic carbon assimilation cycle, NAD-ME type",NA,NA,NA,NA,NA
PWY-5136: fatty acid &beta;-oxidation II (peroxisome),PWY-5136,Fatty Acid and Lipid Degradation,Degradation/Utilization/Assimilation,Fatty Acid and Lipid Degradation,Ceramide and Sphingolipid Recycling and Degradation,NA,NA,NA,NA,NA
PWY-7539: 6-hydroxymethyl-dihydropterin diphosphate biosynthesis III (Chlamydia),PWY-7539,"Cofactor, Carrier, and Vitamin Biosynthesis",Biosynthesis,"Cofactor, Carrier, and Vitamin Biosynthesis",Carrier Biosynthesis,Single Carbon Carrier Biosynthesis,Folate Biosynthesis,6-Hydroxymethyl-Dihydropterin Diphosphate Biosynthesis,6-hydroxymethyl-dihydropterin diphosphate biosynthesis III (Chlamydia),NA
PYRIDNUCSAL-PWY: NAD salvage pathway I,PYRIDNUCSAL-PWY,"Cofactor, Carrier, and Vitamin Biosynthesis",Biosynthesis,"Cofactor, Carrier, and Vitamin Biosynthesis",NA,NA,NA,NA,NA,NA
PYRIDNUCSYN-PWY: NAD biosynthesis I (from aspartate),PYRIDNUCSYN-PWY,"Cofactor, Carrier, and Vitamin Biosynthesis",Biosynthesis,"Cofactor, Carrier, and Vitamin Biosynthesis",NA,NA,NA,NA,NA,NA
PYRIDOXSYN-PWY: pyridoxal 5'-phosphate biosynthesis I,PYRIDOXSYN-PWY,"Cofactor, Carrier, and Vitamin Biosynthesis",Biosynthesis,"Cofactor, Carrier, and Vitamin Biosynthesis",Enzyme Cofactor Biosynthesis,Vitamin B6 Biosynthesis,pyridoxal 5'-phosphate biosynthesis I,NA,NA,NA
RIBOSYN2-PWY: flavin biosynthesis I (bacteria and plants),RIBOSYN2-PWY,"Cofactor, Carrier, and Vitamin Biosynthesis",Biosynthesis,"Cofactor, Carrier, and Vitamin Biosynthesis",Carrier Biosynthesis,Electron Carrier Biosynthesis,Flavin Biosynthesis,flavin biosynthesis I (bacteria and plants),NA,NA
"PWY-5138: unsaturated, even numbered fatty acid &beta;-oxidation",PWY-5138,Fatty Acid and Lipid Degradation,Degradation/Utilization/Assimilation,Fatty Acid and Lipid Degradation,NA,NA,NA,NA,NA,NA
THISYNARA-PWY: superpathway of thiamin diphosphate biosynthesis III (eukaryotes),THISYNARA-PWY,"Cofactor, Carrier, and Vitamin Biosynthesis",Biosynthesis,"Cofactor, Carrier, and Vitamin Biosynthesis",Enzyme Cofactor Biosynthesis,Thiamine Biosynthesis,NA,NA,NA,NA
"PWY-7117: C4 photosynthetic carbon assimilation cycle, PEPCK type",PWY-7117,Photosynthesis,Generation of Precursor Metabolites and Energy,Photosynthesis,"C4 photosynthetic carbon assimilation cycle, PEPCK type",NA,NA,NA,NA,NA
THISYN-PWY: superpathway of thiamin diphosphate biosynthesis I,THISYN-PWY,"Cofactor, Carrier, and Vitamin Biosynthesis",Biosynthesis,"Cofactor, Carrier, and Vitamin Biosynthesis",Enzyme Cofactor Biosynthesis,Thiamine Biosynthesis,NA,NA,NA,NA
"PWY-6837: fatty acid beta-oxidation V (unsaturated, odd number, di-isomerase-dependent)",PWY-6837,Fatty Acid and Lipid Degradation,Degradation/Utilization/Assimilation,Fatty Acid and Lipid Degradation,Fatty Acid Degradation,"fatty acid beta-oxidation V (unsaturated, odd number, di-isomerase-dependent)",NA,NA,NA,NA
PWY-6700: queuosine biosynthesis,PWY-6700,Others,Macromolecule Modification,Nucleic Acid Processing,Queuosine Biosynthesis and Salvage,NA,NA,NA,NA,NA
UBISYN-PWY: superpathway of ubiquinol-8 biosynthesis (prokaryotic),UBISYN-PWY,"Cofactor, Carrier, and Vitamin Biosynthesis",Biosynthesis,"Cofactor, Carrier, and Vitamin Biosynthesis",Carrier Biosynthesis,Electron Carrier Biosynthesis,Quinol and Quinone Biosynthesis,Ubiquinol Biosynthesis,NA,NA
FASYN-ELONG-PWY: fatty acid elongation -- saturated,FASYN-ELONG-PWY,Fatty Acid and Lipid Biosynthesis,Biosynthesis,Fatty Acid and Lipid Biosynthesis,Fatty Acid Biosynthesis,fatty acid elongation -- saturated,NA,NA,NA,NA
PWY-1541: superpathway of taurine degradation,PWY-1541,Other degradation,Degradation/Utilization/Assimilation,Inorganic Nutrient Metabolism,Nitrogen Compound Metabolism,Taurine Degradation,superpathway of taurine degradation,NA,NA,NA
PWY-4984: urea cycle,PWY-4984,Other degradation,Degradation/Utilization/Assimilation,Inorganic Nutrient Metabolism,Nitrogen Compound Metabolism,urea cycle,NA,NA,NA,NA
FASYN-INITIAL-PWY: superpathway of fatty acid biosynthesis initiation (E. coli),FASYN-INITIAL-PWY,Fatty Acid and Lipid Biosynthesis,Biosynthesis,Fatty Acid and Lipid Biosynthesis,Fatty Acid Biosynthesis,NA,NA,NA,NA,NA
PWY0-1319: CDP-diacylglycerol biosynthesis II,PWY0-1319,Fatty Acid and Lipid Biosynthesis,Biosynthesis,Fatty Acid and Lipid Biosynthesis,Phospholipid Biosynthesis,CDP-diacylglycerol Biosynthesis,CDP-diacylglycerol biosynthesis II,NA,NA,NA
PWY0-862: (5Z)-dodec-5-enoate biosynthesis,PWY0-862,Fatty Acid and Lipid Biosynthesis,Biosynthesis,Fatty Acid and Lipid Biosynthesis,Fatty Acid Biosynthesis,Unsaturated Fatty Acid Biosynthesis,(5Z)-dodecenoate Biosynthesis,NA,NA,NA
PWY-5675: nitrate reduction V (assimilatory),PWY-5675,Other degradation,Degradation/Utilization/Assimilation,Inorganic Nutrient Metabolism,Nitrogen Compound Metabolism,Nitrate Reduction,nitrate reduction V (assimilatory),NA,NA,NA
PWY0-881: superpathway of fatty acid biosynthesis I (E. coli),PWY0-881,Fatty Acid and Lipid Biosynthesis,Biosynthesis,Fatty Acid and Lipid Biosynthesis,Fatty Acid Biosynthesis,superpathway of fatty acid biosynthesis I (E. coli),NA,NA,NA,NA
PWY3O-355: stearate biosynthesis III (fungi),PWY3O-355,Fatty Acid and Lipid Biosynthesis,Biosynthesis,Fatty Acid and Lipid Biosynthesis,Fatty Acid Biosynthesis,Stearate Biosynthesis,stearate biosynthesis III (fungi),NA,NA,NA
PWY4FS-7: phosphatidylglycerol biosynthesis I (plastidic),PWY4FS-7,Fatty Acid and Lipid Biosynthesis,Biosynthesis,Fatty Acid and Lipid Biosynthesis,NA,NA,NA,NA,NA,NA
PWY4FS-8: phosphatidylglycerol biosynthesis II (non-plastidic),PWY4FS-8,Fatty Acid and Lipid Biosynthesis,Biosynthesis,Fatty Acid and Lipid Biosynthesis,NA,NA,NA,NA,NA,NA
SO4ASSIM-PWY: sulfate reduction I (assimilatory),SO4ASSIM-PWY,Other degradation,Degradation/Utilization/Assimilation,Inorganic Nutrient Metabolism,Sulfur Compound Metabolism,Assimilatory Sulfate Reduction,NA,NA,NA,NA
PWY-5723: Rubisco shunt,PWY-5723,Others,Generation of Precursor Metabolites and Energy,Rubisco shunt,NA,NA,NA,NA,NA,NA
"GLYCOLYSIS-TCA-GLYOX-BYPASS: superpathway of glycolysis, pyruvate dehydrogenase, TCA, and glyoxylate bypass",GLYCOLYSIS-TCA-GLYOX-BYPASS,Others,Generation of Precursor Metabolites and Energy,"superpathway of glycolysis, pyruvate dehydrogenase, TCA, and glyoxylate bypass",NA,NA,NA,NA,NA,NA
SULFATE-CYS-PWY: superpathway of sulfate assimilation and cysteine biosynthesis,SULFATE-CYS-PWY,Other degradation,Degradation/Utilization/Assimilation,Inorganic Nutrient Metabolism,Sulfur Compound Metabolism,superpathway of sulfate assimilation and cysteine biosynthesis,NA,NA,NA,NA
PWY-5367: petroselinate biosynthesis,PWY-5367,Fatty Acid and Lipid Biosynthesis,Biosynthesis,Fatty Acid and Lipid Biosynthesis,Fatty Acid Biosynthesis,Unsaturated Fatty Acid Biosynthesis,petroselinate biosynthesis,NA,NA,NA
PWY-561: superpathway of glyoxylate cycle and fatty acid degradation,PWY-561,Others,Generation of Precursor Metabolites and Energy,Superpathways,superpathway of glyoxylate cycle and fatty acid degradation,NA,NA,NA,NA,NA
P105-PWY: TCA cycle IV (2-oxoglutarate decarboxylase),P105-PWY,TCA cycle,Generation of Precursor Metabolites and Energy,TCA cycle,TCA cycle IV (2-oxoglutarate decarboxylase),NA,NA,NA,NA,NA
PWY-5690: TCA cycle II (plants and fungi),PWY-5690,TCA cycle,Generation of Precursor Metabolites and Energy,TCA cycle,TCA cycle II (plants and fungi),NA,NA,NA,NA,NA
PWY-5667: CDP-diacylglycerol biosynthesis I,PWY-5667,Fatty Acid and Lipid Biosynthesis,Biosynthesis,Fatty Acid and Lipid Biosynthesis,Phospholipid Biosynthesis,CDP-diacylglycerol Biosynthesis,CDP-diacylglycerol biosynthesis I,NA,NA,NA
PWY-5971: palmitate biosynthesis II (bacteria and plants),PWY-5971,Fatty Acid and Lipid Biosynthesis,BIosynthesis,Fatty Acid and Lipid Biosynthesis,NA,NA,NA,NA,NA,NA
PWY-5973: cis-vaccenate biosynthesis,PWY-5973,Fatty Acid and Lipid Biosynthesis,Biosynthesis,Fatty Acid and Lipid Biosynthesis,Fatty Acid Biosynthesis,Unsaturated Fatty Acid Biosynthesis,cis-vaccenate biosynthesis,NA,NA,NA
PWY-5989: stearate biosynthesis II (bacteria and plants),PWY-5989,Fatty Acid and Lipid Biosynthesis,Biosynthesis,Fatty Acid and Lipid Biosynthesis,Fatty Acid Biosynthesis,Stearate Biosynthesis,stearate biosynthesis II (bacteria and plants),NA,NA,NA
PWY-6113: superpathway of mycolate biosynthesis,PWY-6113,Fatty Acid and Lipid Biosynthesis,Biosynthesis,Fatty Acid and Lipid Biosynthesis,Fatty Acid Biosynthesis,superpathway of mycolate biosynthesis,NA,NA,NA,NA
PWY-6282: palmitoleate biosynthesis I (from (5Z)-dodec-5-enoate),PWY-6282,Fatty Acid and Lipid Biosynthesis,Biosynthesis,Fatty Acid and Lipid Biosynthesis,Fatty Acid Biosynthesis,Unsaturated Fatty Acid Biosynthesis,Palmitoleate Biosynthesis,palmitoleate biosynthesis I (from (5Z)-dodec-5-enoate),NA,NA
PWY0-1296: purine ribonucleosides degradation,PWY0-1296,Other degradation,Degradation/Utilization/Assimilation,Nucleoside and Nucleotide Degradation,Purine Nucleotide Degradation,purine ribonucleosides degradation,NA,NA,NA,NA
PWY-6284: superpathway of unsaturated fatty acids biosynthesis (E. coli),PWY-6284,Fatty Acid and Lipid Biosynthesis,Biosynthesis,Fatty Acid and Lipid Biosynthesis,Fatty Acid Biosynthesis,Unsaturated Fatty Acid Biosynthesis,superpathway of unsaturated fatty acids biosynthesis (E. coli),NA,NA,NA
PWY-6285: superpathway of fatty acids biosynthesis (E. coli),PWY-6285,Fatty Acid and Lipid Biosynthesis,Biosynthesis,Fatty Acid and Lipid Biosynthesis,Fatty Acid Biosynthesis,superpathway of fatty acids biosynthesis (E. coli),NA,NA,NA,NA
PWY-6803: phosphatidylcholine acyl editing,PWY-6803,Fatty Acid and Lipid Biosynthesis,Biosynthesis,Fatty Acid and Lipid Biosynthesis,phosphatidylcholine acyl editing,NA,NA,NA,NA,NA
PWY-7094: fatty acid salvage,PWY-7094,Fatty Acid and Lipid Biosynthesis,Biosynthesis,Fatty Acid and Lipid Biosynthesis,Fatty Acid Biosynthesis,fatty acid salvage,NA,NA,NA,NA
"PWY-7388: octanoyl-[acyl-carrier protein] biosynthesis (mitochondria, yeast)",PWY-7388,Fatty Acid and Lipid Biosynthesis,Biosynthesis,Fatty Acid and Lipid Biosynthesis,Fatty Acid Biosynthesis,"octanoyl-[acyl-carrier protein] biosynthesis (mitochondria, yeast)",NA,NA,NA,NA
"PWY-7409: phospholipid remodeling (phosphatidylethanolamine, yeast)",PWY-7409,Fatty Acid and Lipid Biosynthesis,Biosynthesis,Fatty Acid and Lipid Biosynthesis,Phospholipid Biosynthesis,Phosphatidylethanolamine Biosynthesis,"phospholipid remodeling (phosphatidylethanolamine, yeast)",NA,NA,NA
PWY-7663: gondoate biosynthesis (anaerobic),PWY-7663,Fatty Acid and Lipid Biosynthesis,Biosynthesis,Fatty Acid and Lipid Biosynthesis,Fatty Acid Biosynthesis,Unsaturated Fatty Acid Biosynthesis,gondoate biosynthesis (anaerobic),NA,NA,NA
PWY-7664: oleate biosynthesis IV (anaerobic),PWY-7664,Fatty Acid and Lipid Biosynthesis,Biosynthesis,Fatty Acid and Lipid Biosynthesis,Fatty Acid Biosynthesis,Unsaturated Fatty Acid Biosynthesis,Oleate Biosynthesis,oleate biosynthesis IV (anaerobic),NA,NA
PWYG-321: mycolate biosynthesis,PWYG-321,Fatty Acid and Lipid Biosynthesis,Biosynthesis,Fatty Acid and Lipid Biosynthesis,Fatty Acid Biosynthesis,mycolate biosynthesis,NA,NA,NA,NA
PWY0-1297: superpathway of purine deoxyribonucleosides degradation,PWY0-1297,Other degradation,Degradation/Utilization/Assimilation,Nucleoside and Nucleotide Degradation,superpathway of purine deoxyribonucleosides degradation,NA,NA,NA,NA,NA
PPGPPMET-PWY: ppGpp biosynthesis,PPGPPMET-PWY,Other Biosynthesis,Biosynthesis,Metabolic Regulator Biosynthesis,NA,NA,NA,NA,NA,NA
PWY-5913: TCA cycle VI (obligate autotrophs),PWY-5913,TCA cycle,Generation of Precursor Metabolites and Energy,TCA cycle,NA,NA,NA,NA,NA,NA
DENOVOPURINE2-PWY: superpathway of purine nucleotides de novo biosynthesis II,DENOVOPURINE2-PWY,Nucleoside and Nucleotide Biosynthesis,Biosynthesis,Nucleoside and Nucleotide Biosynthesis,Purine Nucleotide Biosynthesis,Purine Nucleotide De Novo Biosynthesis,superpathway of purine nucleotides de novo biosynthesis II,NA,NA,NA
PWY0-162: superpathway of pyrimidine ribonucleotides de novo biosynthesis,PWY0-162,Nucleoside and Nucleotide Biosynthesis,Biosynthesis,Nucleoside and Nucleotide Biosynthesis,Pyrimidine Nucleotide Biosynthesis,Pyrimidine Nucleotide De Novo Biosynthesis,Pyrimidine Ribonucleotide De Novo Biosynthesis,superpathway of pyrimidine ribonucleotides de novo biosynthesis,NA,NA
PWY-5686: UMP biosynthesis,PWY-5686,Nucleoside and Nucleotide Biosynthesis,Biosynthesis,Nucleoside and Nucleotide Biosynthesis,NA,NA,NA,NA,NA,NA
PWY-6121: 5-aminoimidazole ribonucleotide biosynthesis I,PWY-6121,Nucleoside and Nucleotide Biosynthesis,Biosynthesis,Nucleoside and Nucleotide Biosynthesis,Purine Nucleotide Biosynthesis,5-Aminoimidazole Ribonucleotide Biosynthesis,5-aminoimidazole ribonucleotide biosynthesis I,NA,NA,NA
PWY-6123: inosine-5'-phosphate biosynthesis I,PWY-6123,Nucleoside and Nucleotide Biosynthesis,Biosynthesis,Nucleoside and Nucleotide Biosynthesis,Purine Nucleotide Biosynthesis,Purine Nucleotide De Novo Biosynthesis,Purine Riboucleotide De Novo Biosynthesis,Inosine-5'-phosphate Biosynthesis,inosine-5'-phosphate biosynthesis I,NA
PWY-6124: inosine-5'-phosphate biosynthesis II,PWY-6124,Nucleoside and Nucleotide Biosynthesis,Biosynthesis,Nucleoside and Nucleotide Biosynthesis,Purine Nucleotide Biosynthesis,Purine Nucleotide De Novo Biosynthesis,Purine Riboucleotide De Novo Biosynthesis,Inosine-5'-phosphate Biosynthesis,inosine-5'-phosphate biosynthesis II,NA
PWY-6125: superpathway of guanosine nucleotides de novo biosynthesis II,PWY-6125,Nucleoside and Nucleotide Biosynthesis,Biosynthesis,Nucleoside and Nucleotide Biosynthesis,Purine Nucleotide Biosynthesis,Purine Nucleotide De Novo Biosynthesis,superpathway of guanosine nucleotides de novo biosynthesis II,NA,NA,NA
PWY-6126: superpathway of adenosine nucleotides de novo biosynthesis II,PWY-6126,Nucleoside and Nucleotide Biosynthesis,Biosynthesis,Nucleoside and Nucleotide Biosynthesis,Purine Nucleotide Biosynthesis,Purine Nucleotide De Novo Biosynthesis,superpathway of adenosine nucleotides de novo biosynthesis II,NA,NA,NA
PWY0-1298: superpathway of pyrimidine deoxyribonucleosides degradation,PWY0-1298,Other degradation,Degradation/Utilization/Assimilation,Nucleoside and Nucleotide Degradation,Pyrimidine Nucleotide Degradation,superpathway of pyrimidine deoxyribonucleosides degradation,NA,NA,NA,NA
PWY-6969: TCA cycle V (2-oxoglutarate:ferredoxin oxidoreductase),PWY-6969,TCA cycle,Generation of Precursor Metabolites and Energy,TCA cycle,NA,NA,NA,NA,NA,NA
PWY-7254: TCA cycle VII (acetate-producers),PWY-7254,TCA cycle,Generation of Precursor Metabolites and Energy,TCA cycle,TCA cycle VII (acetate-producers),NA,NA,NA,NA,NA
PWY-6609: adenine and adenosine salvage III,PWY-6609,Nucleoside and Nucleotide Biosynthesis,Biosynthesis,Nucleoside and Nucleotide Biosynthesis,Purine Nucleotide Biosynthesis,Purine Nucleotide Salvage,Adenine and Adenosine Salvage,adenine and adenosine salvage III,NA,NA
PWY66-409: superpathway of purine nucleotide salvage,PWY66-409,Nucleoside and Nucleotide Biosynthesis,Biosynthesis,Nucleoside and Nucleotide Biosynthesis,Purine Nucleotide Biosynthesis,Purine Nucleotide Salvage,superpathway of purine nucleotide salvage,NA,NA,NA
PWY-5695: urate biosynthesis/inosine 5'-phosphate degradation,PWY-5695,Other degradation,Degradation/Utilization/Assimilation,Nucleoside and Nucleotide Degradation,NA,NA,NA,NA,NA,NA
PWY-7196: superpathway of pyrimidine ribonucleosides salvage,PWY-7196,Nucleoside and Nucleotide Biosynthesis,Biosynthesis,Nucleoside and Nucleotide Biosynthesis,Pyrimidine Nucleotide Biosynthesis,Pyrimidine Nucleotide Salvage,superpathway of pyrimidine ribonucleosides salvage,NA,NA,NA
PWY-6595: superpathway of guanosine nucleotides degradation (plants),PWY-6595,Other degradation,Degradation/Utilization/Assimilation,Nucleoside and Nucleotide Degradation,Purine Nucleotide Degradation,Guanosine Nucleotide Degradation,superpathway of guanosine nucleotides degradation (plants),NA,NA,NA
PWY-7198: pyrimidine deoxyribonucleotides de novo biosynthesis IV,PWY-7198,Nucleoside and Nucleotide Biosynthesis,Biosynthesis,Nucleoside and Nucleotide Biosynthesis,2'-Deoxyribonucleotide Biosynthesis,Pyrimidine Deoxyribonucleotide De Novo Biosynthesis,pyrimidine deoxyribonucleotides de novo biosynthesis IV,NA,NA,NA
PWY-7199: pyrimidine deoxyribonucleosides salvage,PWY-7199,Nucleoside and Nucleotide Biosynthesis,Biosynthesis,Nucleoside and Nucleotide Biosynthesis,Pyrimidine Nucleotide Biosynthesis,Pyrimidine Nucleotide Salvage,pyrimidine deoxyribonucleosides salvage,NA,NA,NA
PWY-7208: superpathway of pyrimidine nucleobases salvage,PWY-7208,Nucleoside and Nucleotide Biosynthesis,Biosynthesis,Nucleoside and Nucleotide Biosynthesis,Pyrimidine Nucleotide Biosynthesis,Pyrimidine Nucleotide Salvage,superpathway of pyrimidine nucleobases salvage,NA,NA,NA
PWY-7210: pyrimidine deoxyribonucleotides biosynthesis from CTP,PWY-7210,Nucleoside and Nucleotide Biosynthesis,Biosynthesis,Nucleoside and Nucleotide Biosynthesis,Pyrimidine Nucleotide Biosynthesis,Pyrimidine Nucleotide Salvage,pyrimidine deoxyribonucleotides biosynthesis from CTP,NA,NA,NA
PWY-7219: adenosine ribonucleotides de novo biosynthesis,PWY-7219,Nucleoside and Nucleotide Biosynthesis,Biosynthesis,Nucleoside and Nucleotide Biosynthesis,Purine Nucleotide Biosynthesis,Purine Nucleotide De Novo Biosynthesis,Purine Riboucleotide De Novo Biosynthesis,adenosine ribonucleotides de novo biosynthesis,NA,NA
PWY-7220: adenosine deoxyribonucleotides de novo biosynthesis II,PWY-7220,Nucleoside and Nucleotide Biosynthesis,Biosynthesis,Nucleoside and Nucleotide Biosynthesis,2'-Deoxyribonucleotide Biosynthesis,Purine Deoxyribonucleotide De Novo Biosynthesis,Adenosine Deoxyribonucleotide De Novo Biosynthesis,adenosine deoxyribonucleotides de novo biosynthesis II,NA,NA
PWY-7221: guanosine ribonucleotides de novo biosynthesis,PWY-7221,Nucleoside and Nucleotide Biosynthesis,Biosynthesis,Nucleoside and Nucleotide Biosynthesis,Purine Nucleotide Biosynthesis,Purine Nucleotide De Novo Biosynthesis,Purine Riboucleotide De Novo Biosynthesis,guanosine ribonucleotides de novo biosynthesis,NA,NA
PWY-7222: guanosine deoxyribonucleotides de novo biosynthesis II,PWY-7222,Nucleoside and Nucleotide Biosynthesis,Biosynthesis,Nucleoside and Nucleotide Biosynthesis,2'-Deoxyribonucleotide Biosynthesis,Purine Deoxyribonucleotide De Novo Biosynthesis,Guanosine Deoxyribonucleotide De Novo Biosynthesis,guanosine deoxyribonucleotides de novo biosynthesis II,NA,NA
PWY-7228: superpathway of guanosine nucleotides de novo biosynthesis I,PWY-7228,Nucleoside and Nucleotide Biosynthesis,Biosynthesis,Nucleoside and Nucleotide Biosynthesis,Purine Nucleotide Biosynthesis,Purine Nucleotide De Novo Biosynthesis,superpathway of guanosine nucleotides de novo biosynthesis I,NA,NA,NA
REDCITCYC: TCA cycle VIII (helicobacter),REDCITCYC,TCA cycle,Generation of Precursor Metabolites and Energy,TCA cycle,NA,NA,NA,NA,NA,NA
PWY-7209: superpathway of pyrimidine ribonucleosides degradation,PWY-7209,Other degradation,Degradation/Utilization/Assimilation,Nucleoside and Nucleotide Degradation,Pyrimidine Nucleotide Degradation,Pyrimidine Nucleobase Degradation,superpathway of pyrimidine ribonucleosides degradation,NA,NA,NA
PWY-7229: superpathway of adenosine nucleotides de novo biosynthesis I,PWY-7229,Nucleoside and Nucleotide Biosynthesis,Biosynthesis,Nucleoside and Nucleotide Biosynthesis,Purine Nucleotide Biosynthesis,Purine Nucleotide De Novo Biosynthesis,superpathway of adenosine nucleotides de novo biosynthesis I,NA,NA,NA
HEXITOLDEGSUPER-PWY: superpathway of hexitol degradation (bacteria),HEXITOLDEGSUPER-PWY,Other degradation,Degradation/Utilization/Assimilation,Secondary Metabolite Degradation,Sugar Derivative Degradation,Sugar Alcohol Degradation,superpathway of hexitol degradation (bacteria),NA,NA,NA
PWY-7234: inosine-5'-phosphate biosynthesis III,PWY-7234,Nucleoside and Nucleotide Biosynthesis,Biosynthesis,Nucleoside and Nucleotide Biosynthesis,Purine Nucleotide Biosynthesis,Purine Nucleotide De Novo Biosynthesis,Purine Riboucleotide De Novo Biosynthesis,Inosine-5'-phosphate Biosynthesis,inosine-5'-phosphate biosynthesis III,NA
P562-PWY: myo-inositol degradation I,P562-PWY,Other degradation,Degradation/Utilization/Assimilation,Secondary Metabolite Degradation,Sugar Derivative Degradation,Sugar Alcohol Degradation,myo-inositol degradation I,NA,NA,NA
PWY-6531: mannitol cycle,PWY-6531,Other degradation,Degradation/Utilization/Assimilation,Secondary Metabolite Degradation,Sugar Derivative Degradation,Sugar Alcohol Degradation,mannitol cycle,NA,NA,NA
TCA: TCA cycle I (prokaryotic),TCA,TCA cycle,Generation of Precursor Metabolites and Energy,TCA cycle,TCA cycle I (prokaryotic),NA,NA,NA,NA,NA
TCA-GLYOX-BYPASS: superpathway of glyoxylate bypass and TCA,TCA-GLYOX-BYPASS,Others,Superpathways,superpathway of glyoxylate bypass and TCA,NA,NA,NA,NA,NA,NA
PWY-841: superpathway of purine nucleotides de novo biosynthesis I,PWY-841,Nucleoside and Nucleotide Biosynthesis,Biosynthesis,Nucleoside and Nucleotide Biosynthesis,Purine Nucleotide Biosynthesis,Purine Nucleotide De Novo Biosynthesis,superpathway of purine nucleotides de novo biosynthesis I,NA,NA,NA
"P125-PWY: superpathway of (R,R)-butanediol biosynthesis",P125-PWY,Other Biosynthesis,Biosynthesis,Other Biosynthesis,Butanediol Biosynthesis,"superpathway of (R,R)-butanediol biosynthesis",NA,NA,NA,NA
PWY-5910: superpathway of geranylgeranyldiphosphate biosynthesis I (via mevalonate),PWY-5910,Other Biosynthesis,Biosynthesis,Polyprenyl Biosynthesis,Geranylgeranyl Diphosphate Biosynthesis,superpathway of geranylgeranyldiphosphate biosynthesis I (via mevalonate),NA,NA,NA,NA
PWY-7446: sulfoglycolysis,PWY-7446,Other degradation,Degradation/Utilization/Assimilation,Secondary Metabolite Degradation,NA,NA,NA,NA,NA,NA
ENTBACSYN-PWY: enterobactin biosynthesis,ENTBACSYN-PWY,Other Biosynthesis,Biosynthesis,Secondary Metabolite Biosynthesis,Siderophore and Metallophore Biosynthesis,enterobactin biosynthesis,NA,NA,NA,NA
PWY-6703: preQ0 biosynthesis,PWY-6703,Other Biosynthesis,Biosynthesis,Secondary Metabolite Biosynthesis,preQ0 biosynthesis,NA,NA,NA,NA,NA
PWY-6859: all-trans-farnesol biosynthesis,PWY-6859,Other Biosynthesis,Biosynthesis,Secondary Metabolite Biosynthesis,Terpenoid Biosynthesis,Sesquiterpenoid Biosynthesis,all-trans-farnesol biosynthesis,NA,NA,NA
PWY-922: mevalonate pathway I,PWY-922,Other Biosynthesis,Biosynthesis,Secondary Metabolite Biosynthesis,NA,NA,NA,NA,NA,NA
PWY-5189: tetrapyrrole biosynthesis II (from glycine),PWY-5189,Other Biosynthesis,Biosynthesis,Tetrapyrrole Biosynthesis,tetrapyrrole biosynthesis II (from glycine),NA,NA,NA,NA,NA
ANAEROFRUCAT-PWY: homolactic fermentation,ANAEROFRUCAT-PWY,,Generation of Precursor Met+F303+D:G+D:I+D:H+D:I,Fermentation,Fermentation to Short-Chain Fatty Acids,Fermentation to Lactate,homolactic fermentation,,,
ARGSYN-PWY: L-arginine biosynthesis I (via L-ornithine),ARGSYN-PWY,,Biosynthesis,Amino Acid Biosynthesis,Proteinogenic Amino Acid Biosynthesis,L-arginine Biosynthesis,L-arginine biosynthesis I (via L-ornithine),,,
ARGSYNBSUB-PWY: L-arginine biosynthesis II (acetyl cycle),ARGSYNBSUB-PWY,,Biosynthesis,Amino Acid Biosynthesis,Proteinogenic Amino Acid Biosynthesis,L-arginine Biosynthesis,L-arginine biosynthesis II (acetyl cycle),,,
BIOTIN-BIOSYNTHESIS-PWY: biotin biosynthesis I,BIOTIN-BIOSYNTHESIS-PWY,,Biosynthesis,"Cofactor, Carrier, and Vitamin Biosynthesis",Enzyme Cofactor Biosynthesis,Biotin Biosynthesis,superpathway of biotin biosynthesis I,,,
CALVIN-PWY: Calvin-Benson-Bassham cycle,CALVIN-PWY,,Degradation/Utilization/Assimilation,C1 Compound Utilization and Assimilation,CO2 Fixation,Autotrophic CO2 Fixation,Calvin-Benson-Bassham cycle,,,
GLUTORN-PWY: L-ornithine biosynthesis,GLUTORN-PWY,,Biosynthesis,Amino Acid Biosynthesis,Other Amino Acid Biosynthesis,L-ornithine biosynthesis,,,,
GLYCOGENSYNTH-PWY: glycogen biosynthesis I (from ADP-D-Glucose),GLYCOGENSYNTH-PWY,,Biosynthesis,Carbohydrate Biosynthesis,Polysaccharide Biosynthesis,Glycogen and Starch Biosynthesis,glycogen biosynthesis I (from ADP-D-Glucose),,,
HSERMETANA-PWY: L-methionine biosynthesis III,HSERMETANA-PWY,,Biosynthesis,Amino Acid Biosynthesis,Proteinogenic Amino Acid Biosynthesis,L-methionine Biosynthesis,L-methionine De Novo Biosynthesis,L-methionine biosynthesis III,,
LACTOSECAT-PWY: lactose and galactose degradation I,LACTOSECAT-PWY,,Degradation/Utilization/Assimilation,Carbohydrate Degradation,Sugar Degradation,Lactose Degradation,lactose degradation I,,,
LPSSYN-PWY: superpathway of lipopolysaccharide biosynthesis,LPSSYN-PWY,,Biosynthesis,Cell Structure Biosynthesis,Lipopolysaccharide Biosynthesis,,,,,
METH-ACETATE-PWY: methanogenesis from acetate,METH-ACETATE-PWY,,Degradation/Utilization/Assimilation,Acetate Degradation,methanogenesis from acetate,,,,,
NAGLIPASYN-PWY: lipid IVA biosynthesis,NAGLIPASYN-PWY,,Biosynthesis,Fatty Acid and Lipid Biosynthesis,lipid IVA biosynthesis,,,,,
NONMEVIPP-PWY: methylerythritol phosphate pathway I,NONMEVIPP-PWY,,Biosynthesis,Secondary Metabolite Biosynthesis,Terpenoid Biosynthesis,Hemiterpene Biosynthesis,Isopentenyl Diphosphate Biosynthesis,Methylerythritol Phosphate Pathways,methylerythritol phosphate pathway I,
P124-PWY: Bifidobacterium shunt,P124-PWY,,Degradation/Utilization/Assimilation,Carbohydrate Degradation,Sugar Degradation,Bifidobacterium shunt,,,,
P164-PWY: purine nucleobases degradation I (anaerobic),P164-PWY,,Degradation/Utilization/Assimilation,Nucleoside and Nucleotide Degradation,Purine Nucleotide Degradation,purine nucleobases degradation I (anaerobic),,,,
P621-PWY: nylon-6 oligomer degradation,P621-PWY,,Degradation/Utilization/Assimilation,Degradation/Utilization/Assimilation - Other,nylon-6 oligomer degradation,,,,,
PWY-1269: CMP-3-deoxy-D-manno-octulosonate biosynthesis I,PWY-1269,,Biosynthesis,Carbohydrate Biosynthesis,Sugar Biosynthesis,Sugar Nucleotide Biosynthesis,CMP-sugar Biosynthesis,CMP-3-deoxy-D-manno-octulosonate Biosynthesis,CMP-3-deoxy-D-manno-octulosonate biosynthesis,
PWY-1861: formaldehyde assimilation II (RuMP Cycle),PWY-1861,,Degradation/Utilization/Assimilation,C1 Compound Utilization and Assimilation,Formaldehyde Assimilation,formaldehyde assimilation II (assililatory RuMP Cycle),,,,
PWY-2941: L-lysine biosynthesis II,PWY-2941,,Biosynthesis,Amino Acid Biosynthesis,Proteinogenic Amino Acid Biosynthesis,L-lysine Biosynthesis,L-lysine biosynthesis II,,,
PWY-5104: L-isoleucine biosynthesis IV,PWY-5104,,Biosynthesis,Amino Acid Biosynthesis,Proteinogenic Amino Acid Biosynthesis,L-isoleucine Biosynthesis,L-isoleucine biosynthesis IV,,,
PWY-5121: superpathway of geranylgeranyl diphosphate biosynthesis II (via MEP),PWY-5121,,Biosynthesis,Secondary Metabolite Biosynthesis,Terpenoid Biosynthesis,Diterpenoid Biosynthesis,superpathway of geranylgeranyl diphosphate biosynthesis II (via MEP),,,
PWY-5484: glycolysis II (from fructose 6-phosphate),PWY-5484,,Generation of Precursor Metabolites and Energy,Glycolysis,glycolysis II (from fructose 6-phosphate),,,,,
PWY-5505: L-glutamate and L-glutamine biosynthesis,PWY-5505,,Biosynthesis,Amino Acid Biosynthesis,Proteinogenic Amino Acid Biosynthesis,L-glutamate and L-glutamine biosynthesis,,,,
PWY-5705: allantoin degradation to glyoxylate III,PWY-5705,,Degradation/Utilization/Assimilation,"Amide, Amidine, Amine, and Polyamine Degradation",Allantoin Degradation,allantoin degradation to glyoxylate III,,,,
PWY-5994: palmitate biosynthesis I (animals and fungi),PWY-5994,,Biosynthesis,Fatty Acid and Lipid Biosynthesis,Fatty Acid Biosynthesis,Palmitate Biosynthesis,palmitate biosynthesis I,,,
PWY-621: sucrose degradation III (sucrose invertase),PWY-621,,Degradation/Utilization/Assimilation,Carbohydrate Degradation,Sugar Degradation,Sucrose Degradation,sucrose degradation III (sucrose invertase),,,
PWY-622: starch biosynthesis,PWY-622,,Biosynthesis,Carbohydrate Biosynthesis,Polysaccharide Biosynthesis,Glycogen and Starch Biosynthesis,starch biosynthesis,,,
PWY-6270: isoprene biosynthesis I,PWY-6270,,Biosynthesis,Secondary Metabolite Biosynthesis,Terpenoid Biosynthesis,Hemiterpene Biosynthesis,isoprene biosynthesis I,,,
PWY-6317: galactose degradation I (Leloir pathway),PWY-6317,,Degradation/Utilization/Assimilation,Carbohydrate Degradation,Sugar Degradation,Galactose Degradation,D-galactose degradation I (Leloir pathway),,,
PWY-6470: peptidoglycan biosynthesis V (&beta;-lactam resistance),PWY-6470,,Biosynthesis,Cell Structure Biosynthesis,Cell Wall Biosynthesis,Peptidoglycan Biosynthesis,peptidoglycan biosynthesis V (??-lactam resistance),,,
PWY-6471: peptidoglycan biosynthesis IV (Enterococcus faecium),PWY-6471,,Biosynthesis,Cell Structure Biosynthesis,Cell Wall Biosynthesis,Peptidoglycan Biosynthesis,peptidoglycan biosynthesis IV (Enterococcus faecium),,,
PWY-6519: 8-amino-7-oxononanoate biosynthesis I,PWY-6519,,Biosynthesis,Other Biosynthesis,8-Amino-7-oxononanoate Biosynthesis,8-amino-7-oxononanoate biosynthesis I,,,,
PWY-6527: stachyose degradation,PWY-6527,,Degradation/Utilization/Assimilation,Carbohydrate Degradation,stachyose degradation,,,,,
PWY-6545: pyrimidine deoxyribonucleotides de novo biosynthesis III,PWY-6545,,Biosynthesis,Nucleoside and Nucleotide Biosynthesis,Pyrimidine Nucleotide Biosynthesis,Pyrimidine Nucleotide De Novo Biosynthesis,Pyrimidine Deoxyribonucleotide De Novo Biosynthesis,pyrimidine deoxyribonucleotides de novo biosynthesis III,,
PWY-6936: seleno-amino acid biosynthesis,PWY-6936,,Biosynthesis,Amino Acid Biosynthesis,Other Amino Acid Biosynthesis,seleno-amino acid biosynthesis (plants),,,,
PWY-7184: pyrimidine deoxyribonucleotides de novo biosynthesis I,PWY-7184,,Biosynthesis,Nucleoside and Nucleotide Biosynthesis,Pyrimidine Nucleotide Biosynthesis,Pyrimidine Nucleotide De Novo Biosynthesis,Pyrimidine Deoxyribonucleotide De Novo Biosynthesis,pyrimidine deoxyribonucleotides de novo biosynthesis I,,
PWY-7197: pyrimidine deoxyribonucleotide phosphorylation,PWY-7197,,Biosynthesis,Nucleoside and Nucleotide Biosynthesis,Pyrimidine Nucleotide Biosynthesis,Pyrimidine Nucleotide Salvage,pyrimidine deoxyribonucleotide phosphorylation,,,
PWY-7211: superpathway of pyrimidine deoxyribonucleotides de novo biosynthesis,PWY-7211,,Biosynthesis,Nucleoside and Nucleotide Biosynthesis,Pyrimidine Nucleotide Biosynthesis,Pyrimidine Nucleotide De Novo Biosynthesis,Pyrimidine Deoxyribonucleotide De Novo Biosynthesis,superpathway of pyrimidine deoxyribonucleotides de novo biosynthesis,,
"PWY-7237: myo-, chiro- and scillo-inositol degradation",PWY-7237,,Degradation/Utilization/Assimilation,Cyclitol Degradation,"myo-, chiro- and scyllo-inositol degradation",,,,,
PWY-7392: taxadiene biosynthesis (engineered),PWY-7392,,Biosynthesis,Secondary Metabolite Biosynthesis,Terpenoid Biosynthesis,Diterpenoid Biosynthesis,taxadiene biosynthesis (engineered),,,
PWY-7400: L-arginine biosynthesis IV (archaebacteria),PWY-7400,,Biosynthesis,Amino Acid Biosynthesis,Proteinogenic Amino Acid Biosynthesis,L-arginine Biosynthesis,L-arginine biosynthesis IV (archaea),,,
PWY-7560: methylerythritol phosphate pathway II,PWY-7560,,Biosynthesis,Secondary Metabolite Biosynthesis,Terpenoid Biosynthesis,Hemiterpene Biosynthesis,Isopentenyl Diphosphate Biosynthesis,Methylerythritol Phosphate Pathways,methylerythritol phosphate pathway II,
PWY0-1241: ADP-L-glycero-&beta;-D-manno-heptose biosynthesis,PWY0-1241,,Biosynthesis,Carbohydrate Biosynthesis,Sugar Biosynthesis,Sugar Nucleotide Biosynthesis,ADP-sugar Biosynthesis,ADP-L-glycero-??-D-manno-heptose biosynthesis,,
PWY0-166: superpathway of pyrimidine deoxyribonucleotides de novo biosynthesis (E. coli),PWY0-166,,Biosynthesis,Nucleoside and Nucleotide Biosynthesis,Pyrimidine Nucleotide Biosynthesis,Pyrimidine Nucleotide De Novo Biosynthesis,Pyrimidine Deoxyribonucleotide De Novo Biosynthesis,superpathway of pyrimidine deoxyribonucleotides de novo biosynthesis (E. coli),,
PWY66-422: D-galactose degradation V (Leloir pathway),PWY66-422,,Degradation/Utilization/Assimilation,Carbohydrate Degradation,Sugar Degradation,Galactose Degradation,D-galactose degradation I (Leloir pathway),,,
TRPSYN-PWY: L-tryptophan biosynthesis,TRPSYN-PWY,,Biosynthesis,Amino Acid Biosynthesis,Proteinogenic Amino Acid Biosynthesis,L-tryptophan Biosynthesis,L-tryptophan biosynthesis,,,
BRANCHED-CHAIN-AA-SYN-PWY: superpathway of branched amino acid biosynthesis,BRANCHED-CHAIN-AA-SYN-PWY,,Biosynthesis,Amino Acid Biosynthesis,Proteinogenic Amino Acid Biosynthesis,superpathway of branched chain amino acid biosynthesis,,,,
PWY-5103: L-isoleucine biosynthesis III,PWY-5103,,Biosynthesis,Amino Acid Biosynthesis,Proteinogenic Amino Acid Biosynthesis,L-isoleucine Biosynthesis,L-isoleucine biosynthesis III,,,
PWY-5676: acetyl-CoA fermentation to butanoate II,PWY-5676,,Generation of Precursor Metabolites and Energy,Fermentation,Fermentation to Short-Chain Fatty Acids,Fermentation to Butanoate,acetyl-CoA fermentation to butanoate,,,
PWY-5692: allantoin degradation to glyoxylate II,PWY-5692,,Degradation/Utilization/Assimilation,"Amide, Amidine, Amine, and Polyamine Degradation",Allantoin Degradation,allantoin degradation to glyoxylate II,,,,
PWY-6122: 5-aminoimidazole ribonucleotide biosynthesis II,PWY-6122,,Biosynthesis,Nucleoside and Nucleotide Biosynthesis,Purine Nucleotide Biosynthesis,5-Aminoimidazole Ribonucleotide Biosynthesis,5-aminoimidazole ribonucleotide biosynthesis II,,,
PWY-6151: S-adenosyl-L-methionine cycle I,PWY-6151,,Biosynthesis,"Cofactor, Carrier, and Vitamin Biosynthesis",Carrier Biosynthesis,Single Carbon Carrier Biosynthesis,S-adenosyl-L-methionine Biosynthesis,S-adenosyl-L-methionine cycle I,,
PWY-6277: superpathway of 5-aminoimidazole ribonucleotide biosynthesis,PWY-6277,,Biosynthesis,Nucleoside and Nucleotide Biosynthesis,Purine Nucleotide Biosynthesis,5-Aminoimidazole Ribonucleotide Biosynthesis,superpathway of 5-aminoimidazole ribonucleotide biosynthesis (from PRPP),,,
PWY-6353: purine nucleotides degradation II (aerobic),PWY-6353,,Degradation/Utilization/Assimilation,Nucleoside and Nucleotide Degradation,Purine Nucleotide Degradation,purine nucleotides degradation II (aerobic),,,,
PWY-6608: guanosine nucleotides degradation III,PWY-6608,,Degradation/Utilization/Assimilation,Nucleoside and Nucleotide Degradation,Purine Nucleotide Degradation,Guanosine Nucleotide Degradation,guanosine nucleotides degradation III,,,
PWY-7187: pyrimidine deoxyribonucleotides de novo biosynthesis II,PWY-7187,,Biosynthesis,Nucleoside and Nucleotide Biosynthesis,Pyrimidine Nucleotide Biosynthesis,Pyrimidine Nucleotide De Novo Biosynthesis,Pyrimidine Deoxyribonucleotide De Novo Biosynthesis,pyrimidine deoxyribonucleotides de novo biosynthesis II,,
PWY-7357: thiamin formation from pyrithiamine and oxythiamine (yeast),PWY-7357,,Biosynthesis,"Cofactor, Carrier, and Vitamin Biosynthesis",Enzyme Cofactor Biosynthesis,Thiamine Biosynthesis,Thiamine Diphosphate Salvage,thiamine diphosphate formation from pyrithiamine and oxythiamine (yeast),,
PWY-7456: mannan degradation,PWY-7456,,Degradation/Utilization/Assimilation,Carbohydrate Degradation,Polysaccharide Degradation,"??-(1,4)-mannan degradation",,,,
PWY0-1533: methylphosphonate degradation I,PWY0-1533,,Degradation/Utilization/Assimilation,Inorganic Nutrient Metabolism,Phosphorus Compound Metabolism,Phosphonate Metabolism,Phosphonate Compound Degradation,Methylphosphonate Degradation,methylphosphonate degradation I,
PWY0-41: allantoin degradation IV (anaerobic),PWY0-41,,Degradation/Utilization/Assimilation,"Amide, Amidine, Amine, and Polyamine Degradation",Allantoin Degradation,allantoin degradation IV (anaerobic),,,,
URDEGR-PWY: superpathway of allantoin degradation in plants,URDEGR-PWY,,Degradation/Utilization/Assimilation,"Amide, Amidine, Amine, and Polyamine Degradation",Allantoin Degradation,superpathway of allantoin degradation in plants,,,,
"GLCMANNANAUT-PWY: superpathway of N-acetylglucosamine, N-acetylmannosamine and N-acetylneuraminate degradation",GLCMANNANAUT-PWY,,Degradation/Utilization/Assimilation,"Amide, Amidine, Amine, and Polyamine Degradation","superpathway of N-acetylglucosamine, N-acetylmannosamine and N-acetylneuraminate degradation",,,,,
PHOSLIPSYN-PWY: superpathway of phospholipid biosynthesis I (bacteria),PHOSLIPSYN-PWY,,Biosynthesis,Fatty Acid and Lipid Biosynthesis,Phospholipid Biosynthesis,superpathway of phospholipid biosynthesis I (bacteria),,,,
PWY-5188: tetrapyrrole biosynthesis I (from glutamate),PWY-5188,,Biosynthesis,Tetrapyrrole Biosynthesis,Porphyrin Compound Biosynthesis,Uroporphyrinogen-III Biosynthesis,uroporphyrinogen-III I (from glutamate),,,
PWY-5265: peptidoglycan biosynthesis II (staphylococci),PWY-5265,,Biosynthesis,Cell Structure Biosynthesis,Cell Wall Biosynthesis,Peptidoglycan Biosynthesis,peptidoglycan biosynthesis II (staphylococci),,,
"PWY-5464: superpathway of cytosolic glycolysis (plants), pyruvate dehydrogenase and TCA cycle",PWY-5464,,Generation of Precursor Metabolites and Energy,Superpathways,"superpathway of cytosolic glycolysis (plants), pyruvate dehydrogenase and TCA cycle",,,,,
PWY-6263: superpathway of menaquinol-8 biosynthesis II,PWY-6263,,Biosynthesis,"Cofactor, Carrier, and Vitamin Biosynthesis",Carrier Biosynthesis,Electron Carrier Biosynthesis,Quinol and Quinone Biosynthesis,Menaquinol Biosynthesis,superpathway of menaquinol-8 biosynthesis II,
PWY-6606: guanosine nucleotides degradation II,PWY-6606,,Degradation/Utilization/Assimilation,Nucleoside and Nucleotide Degradation,Purine Nucleotide Degradation,Guanosine Nucleotide Degradation,guanosine nucleotides degradation II,,,
PWY-7046: 4-coumarate degradation (anaerobic),PWY-7046,,Degradation/Utilization/Assimilation,Aromatic Compound Degradation,Phenolic Compound Degradation,Phenylpropanoid Derivative Degradation,4-coumarate degradation (anaerobic),,,
"PWY-7371: 1,4-dihydroxy-6-naphthoate biosynthesis II",PWY-7371,,Degradation/Utilization/Assimilation,"Cofactor, Carrier, and Vitamin Biosynthesis",Carrier Biosynthesis,Electron Carrier Biosynthesis,Quinol and Quinone Biosynthesis,"1,4-dihydroxy-6-naphthoate biosynthesis","5,8-dihydroxy-2-naphthoate biosynthesis II",
PWY0-1586: peptidoglycan maturation (meso-diaminopimelate containing),PWY0-1586,,Biosynthesis,Cell Structure Biosynthesis,Cell Wall Biosynthesis,Peptidoglycan Biosynthesis,peptidoglycan maturation (meso-diaminopimelate containing),,,
SALVADEHYPOX-PWY: adenosine nucleotides degradation II,SALVADEHYPOX-PWY,,Degradation/Utilization/Assimilation,Nucleoside and Nucleotide Degradation,Purine Nucleotide Degradation,Adenosine Nucleotide Degradation,adenosine nucleotides degradation II,,,
UDPNAGSYN-PWY: UDP-N-acetyl-D-glucosamine biosynthesis I,UDPNAGSYN-PWY,,Biosynthesis,Carbohydrate Biosynthesis,Sugar Biosynthesis,Sugar Nucleotide Biosynthesis,UDP-sugar Biosynthesis,UDP-N-acetyl-D-glucosamine Biosynthesis,UDP-N-acetyl-D-glucosamine biosynthesis I,
